No,Sex,Genotype,Food,Rep,time
1.0,M,OO,I,1.0,5.0
1.0,M,OO,I,1.0,17.0
1.0,M,OO,I,1.0,19.0
1.0,M,OO,I,1.0,24.0
1.0,M,OO,I,1.0,24.0
1.0,M,OO,I,1.0,26.0
1.0,M,OO,I,1.0,26.0
1.0,M,OO,I,1.0,26.0
1.0,M,OO,I,1.0,26.0
1.0,M,OO,I,1.0,26.0
1.0,M,OO,I,1.0,28.0
1.0,M,OO,I,1.0,28.0
1.0,M,OO,I,1.0,31.0
1.0,M,OO,I,1.0,31.0
1.0,M,OO,I,1.0,31.0
1.0,M,OO,I,1.0,34.0
1.0,M,OO,I,1.0,34.0
1.0,M,OO,I,1.0,34.0
1.0,M,OO,I,1.0,34.0
1.0,M,OO,I,1.0,34.0
1.0,M,OO,I,1.0,36.0
1.0,M,OO,I,1.0,36.0
1.0,M,OO,I,1.0,36.0
1.0,M,OO,I,1.0,36.0
1.0,M,OO,I,1.0,39.0
1.0,M,OO,I,1.0,39.0
1.0,M,OO,I,1.0,39.0
1.0,M,OO,I,1.0,39.0
1.0,M,OO,I,1.0,39.0
1.0,M,OO,I,1.0,39.0
1.0,M,OO,I,1.0,39.0
1.0,M,OO,I,1.0,39.0
1.0,M,OO,I,1.0,42.0
1.0,M,OO,I,1.0,42.0
1.0,M,OO,I,1.0,42.0
1.0,M,OO,I,1.0,42.0
1.0,M,OO,I,1.0,42.0
1.0,M,OO,I,1.0,45.0
1.0,M,OO,I,1.0,45.0
1.0,M,OO,I,1.0,47.0
1.0,M,OO,I,1.0,47.0
1.0,M,OO,I,1.0,47.0
1.0,M,OO,I,1.0,47.0
1.0,M,OO,I,1.0,50.0
1.0,M,OO,I,1.0,50.0
1.0,M,OO,I,1.0,50.0
1.0,M,OO,I,1.0,52.0
1.0,M,OO,I,1.0,52.0
1.0,M,OO,I,1.0,54.0
1.0,M,OO,I,1.0,54.0
1.0,M,OO,I,1.0,57.0
1.0,M,OO,I,1.0,57.0
1.0,M,OO,I,1.0,57.0
1.0,M,OO,I,1.0,59.0
1.0,M,OO,I,1.0,59.0
1.0,M,OO,I,1.0,61.0
1.0,M,OO,I,1.0,61.0
3.0,M,OO,I,2.0,8.0
3.0,M,OO,I,2.0,12.0
3.0,M,OO,I,2.0,15.0
3.0,M,OO,I,2.0,15.0
3.0,M,OO,I,2.0,17.0
3.0,M,OO,I,2.0,17.0
3.0,M,OO,I,2.0,17.0
3.0,M,OO,I,2.0,17.0
3.0,M,OO,I,2.0,17.0
3.0,M,OO,I,2.0,17.0
3.0,M,OO,I,2.0,19.0
3.0,M,OO,I,2.0,19.0
3.0,M,OO,I,2.0,19.0
3.0,M,OO,I,2.0,19.0
3.0,M,OO,I,2.0,19.0
3.0,M,OO,I,2.0,19.0
3.0,M,OO,I,2.0,19.0
3.0,M,OO,I,2.0,22.0
3.0,M,OO,I,2.0,22.0
3.0,M,OO,I,2.0,22.0
3.0,M,OO,I,2.0,22.0
3.0,M,OO,I,2.0,22.0
3.0,M,OO,I,2.0,24.0
3.0,M,OO,I,2.0,24.0
3.0,M,OO,I,2.0,24.0
3.0,M,OO,I,2.0,24.0
3.0,M,OO,I,2.0,24.0
3.0,M,OO,I,2.0,24.0
3.0,M,OO,I,2.0,26.0
3.0,M,OO,I,2.0,26.0
3.0,M,OO,I,2.0,26.0
3.0,M,OO,I,2.0,26.0
3.0,M,OO,I,2.0,26.0
3.0,M,OO,I,2.0,28.0
3.0,M,OO,I,2.0,28.0
3.0,M,OO,I,2.0,28.0
3.0,M,OO,I,2.0,28.0
3.0,M,OO,I,2.0,28.0
3.0,M,OO,I,2.0,28.0
3.0,M,OO,I,2.0,31.0
3.0,M,OO,I,2.0,31.0
3.0,M,OO,I,2.0,31.0
3.0,M,OO,I,2.0,31.0
3.0,M,OO,I,2.0,31.0
3.0,M,OO,I,2.0,31.0
3.0,M,OO,I,2.0,31.0
3.0,M,OO,I,2.0,31.0
3.0,M,OO,I,2.0,34.0
3.0,M,OO,I,2.0,34.0
3.0,M,OO,I,2.0,36.0
3.0,M,OO,I,2.0,36.0
3.0,M,OO,I,2.0,36.0
3.0,M,OO,I,2.0,36.0
3.0,M,OO,I,2.0,36.0
3.0,M,OO,I,2.0,36.0
3.0,M,OO,I,2.0,36.0
3.0,M,OO,I,2.0,39.0
3.0,M,OO,I,2.0,42.0
3.0,M,OO,I,2.0,57.0
5.0,M,OO,I,3.0,10.0
5.0,M,OO,I,3.0,12.0
5.0,M,OO,I,3.0,12.0
5.0,M,OO,I,3.0,15.0
5.0,M,OO,I,3.0,17.0
5.0,M,OO,I,3.0,17.0
5.0,M,OO,I,3.0,19.0
5.0,M,OO,I,3.0,19.0
5.0,M,OO,I,3.0,19.0
5.0,M,OO,I,3.0,22.0
5.0,M,OO,I,3.0,22.0
5.0,M,OO,I,3.0,22.0
5.0,M,OO,I,3.0,22.0
5.0,M,OO,I,3.0,22.0
5.0,M,OO,I,3.0,22.0
5.0,M,OO,I,3.0,22.0
5.0,M,OO,I,3.0,22.0
5.0,M,OO,I,3.0,22.0
5.0,M,OO,I,3.0,22.0
5.0,M,OO,I,3.0,24.0
5.0,M,OO,I,3.0,24.0
5.0,M,OO,I,3.0,24.0
5.0,M,OO,I,3.0,26.0
5.0,M,OO,I,3.0,26.0
5.0,M,OO,I,3.0,26.0
5.0,M,OO,I,3.0,26.0
5.0,M,OO,I,3.0,26.0
5.0,M,OO,I,3.0,26.0
5.0,M,OO,I,3.0,26.0
5.0,M,OO,I,3.0,28.0
5.0,M,OO,I,3.0,28.0
5.0,M,OO,I,3.0,28.0
5.0,M,OO,I,3.0,28.0
5.0,M,OO,I,3.0,28.0
5.0,M,OO,I,3.0,28.0
5.0,M,OO,I,3.0,28.0
5.0,M,OO,I,3.0,28.0
5.0,M,OO,I,3.0,28.0
5.0,M,OO,I,3.0,28.0
5.0,M,OO,I,3.0,28.0
5.0,M,OO,I,3.0,31.0
5.0,M,OO,I,3.0,31.0
5.0,M,OO,I,3.0,31.0
5.0,M,OO,I,3.0,31.0
5.0,M,OO,I,3.0,31.0
5.0,M,OO,I,3.0,31.0
5.0,M,OO,I,3.0,34.0
5.0,M,OO,I,3.0,34.0
5.0,M,OO,I,3.0,34.0
5.0,M,OO,I,3.0,34.0
5.0,M,OO,I,3.0,36.0
5.0,M,OO,I,3.0,36.0
5.0,M,OO,I,3.0,36.0
5.0,M,OO,I,3.0,36.0
5.0,M,OO,I,3.0,36.0
5.0,M,OO,I,3.0,36.0
5.0,M,OO,I,3.0,39.0
5.0,M,OO,I,3.0,39.0
5.0,M,OO,I,3.0,39.0
5.0,M,OO,I,3.0,39.0
5.0,M,OO,I,3.0,42.0
5.0,M,OO,I,3.0,42.0
5.0,M,OO,I,3.0,45.0
5.0,M,OO,I,3.0,64.0
5.0,M,OO,I,3.0,64.0
5.0,M,OO,I,3.0,64.0
5.0,M,OO,I,3.0,64.0
5.0,M,OO,I,3.0,64.0
5.0,M,OO,I,3.0,64.0
5.0,M,OO,I,3.0,64.0
7.0,M,OO,I,4.0,10.0
7.0,M,OO,I,4.0,17.0
7.0,M,OO,I,4.0,17.0
7.0,M,OO,I,4.0,17.0
7.0,M,OO,I,4.0,17.0
7.0,M,OO,I,4.0,19.0
7.0,M,OO,I,4.0,19.0
7.0,M,OO,I,4.0,22.0
7.0,M,OO,I,4.0,22.0
7.0,M,OO,I,4.0,22.0
7.0,M,OO,I,4.0,22.0
7.0,M,OO,I,4.0,24.0
7.0,M,OO,I,4.0,24.0
7.0,M,OO,I,4.0,24.0
7.0,M,OO,I,4.0,24.0
7.0,M,OO,I,4.0,24.0
7.0,M,OO,I,4.0,26.0
7.0,M,OO,I,4.0,26.0
7.0,M,OO,I,4.0,26.0
7.0,M,OO,I,4.0,26.0
7.0,M,OO,I,4.0,26.0
7.0,M,OO,I,4.0,28.0
7.0,M,OO,I,4.0,28.0
7.0,M,OO,I,4.0,28.0
7.0,M,OO,I,4.0,28.0
7.0,M,OO,I,4.0,28.0
7.0,M,OO,I,4.0,28.0
7.0,M,OO,I,4.0,28.0
7.0,M,OO,I,4.0,28.0
7.0,M,OO,I,4.0,28.0
7.0,M,OO,I,4.0,28.0
7.0,M,OO,I,4.0,28.0
7.0,M,OO,I,4.0,28.0
7.0,M,OO,I,4.0,31.0
7.0,M,OO,I,4.0,31.0
7.0,M,OO,I,4.0,31.0
7.0,M,OO,I,4.0,31.0
7.0,M,OO,I,4.0,31.0
7.0,M,OO,I,4.0,31.0
7.0,M,OO,I,4.0,31.0
7.0,M,OO,I,4.0,34.0
7.0,M,OO,I,4.0,34.0
7.0,M,OO,I,4.0,34.0
7.0,M,OO,I,4.0,34.0
7.0,M,OO,I,4.0,34.0
7.0,M,OO,I,4.0,34.0
7.0,M,OO,I,4.0,34.0
7.0,M,OO,I,4.0,34.0
7.0,M,OO,I,4.0,34.0
7.0,M,OO,I,4.0,34.0
7.0,M,OO,I,4.0,34.0
7.0,M,OO,I,4.0,34.0
7.0,M,OO,I,4.0,34.0
7.0,M,OO,I,4.0,36.0
7.0,M,OO,I,4.0,36.0
7.0,M,OO,I,4.0,39.0
7.0,M,OO,I,4.0,39.0
7.0,M,OO,I,4.0,39.0
7.0,M,OO,I,4.0,42.0
7.0,M,OO,I,4.0,42.0
7.0,M,OO,I,4.0,45.0
7.0,M,OO,I,4.0,47.0
7.0,M,OO,I,4.0,52.0
11.0,M,O2,I,1.0,22.0
11.0,M,O2,I,1.0,28.0
11.0,M,O2,I,1.0,31.0
11.0,M,O2,I,1.0,34.0
11.0,M,O2,I,1.0,42.0
11.0,M,O2,I,1.0,42.0
11.0,M,O2,I,1.0,42.0
11.0,M,O2,I,1.0,42.0
11.0,M,O2,I,1.0,45.0
11.0,M,O2,I,1.0,50.0
11.0,M,O2,I,1.0,50.0
11.0,M,O2,I,1.0,52.0
11.0,M,O2,I,1.0,54.0
11.0,M,O2,I,1.0,57.0
11.0,M,O2,I,1.0,57.0
11.0,M,O2,I,1.0,57.0
11.0,M,O2,I,1.0,57.0
11.0,M,O2,I,1.0,57.0
11.0,M,O2,I,1.0,57.0
11.0,M,O2,I,1.0,59.0
11.0,M,O2,I,1.0,59.0
11.0,M,O2,I,1.0,59.0
11.0,M,O2,I,1.0,61.0
11.0,M,O2,I,1.0,61.0
11.0,M,O2,I,1.0,61.0
11.0,M,O2,I,1.0,61.0
11.0,M,O2,I,1.0,61.0
11.0,M,O2,I,1.0,64.0
11.0,M,O2,I,1.0,64.0
11.0,M,O2,I,1.0,64.0
11.0,M,O2,I,1.0,66.0
11.0,M,O2,I,1.0,68.0
11.0,M,O2,I,1.0,68.0
11.0,M,O2,I,1.0,71.0
11.0,M,O2,I,1.0,71.0
11.0,M,O2,I,1.0,71.0
11.0,M,O2,I,1.0,71.0
11.0,M,O2,I,1.0,71.0
11.0,M,O2,I,1.0,73.0
11.0,M,O2,I,1.0,75.0
11.0,M,O2,I,1.0,75.0
11.0,M,O2,I,1.0,75.0
11.0,M,O2,I,1.0,78.0
11.0,M,O2,I,1.0,78.0
11.0,M,O2,I,1.0,78.0
11.0,M,O2,I,1.0,80.0
11.0,M,O2,I,1.0,80.0
11.0,M,O2,I,1.0,84.0
11.0,M,O2,I,1.0,84.0
11.0,M,O2,I,1.0,86.0
11.0,M,O2,I,1.0,86.0
13.0,M,O2,I,2.0,31.0
13.0,M,O2,I,2.0,34.0
13.0,M,O2,I,2.0,36.0
13.0,M,O2,I,2.0,39.0
13.0,M,O2,I,2.0,39.0
13.0,M,O2,I,2.0,39.0
13.0,M,O2,I,2.0,42.0
13.0,M,O2,I,2.0,42.0
13.0,M,O2,I,2.0,42.0
13.0,M,O2,I,2.0,42.0
13.0,M,O2,I,2.0,42.0
13.0,M,O2,I,2.0,42.0
13.0,M,O2,I,2.0,42.0
13.0,M,O2,I,2.0,45.0
13.0,M,O2,I,2.0,47.0
13.0,M,O2,I,2.0,50.0
13.0,M,O2,I,2.0,50.0
13.0,M,O2,I,2.0,50.0
13.0,M,O2,I,2.0,50.0
13.0,M,O2,I,2.0,54.0
13.0,M,O2,I,2.0,54.0
13.0,M,O2,I,2.0,54.0
13.0,M,O2,I,2.0,54.0
13.0,M,O2,I,2.0,54.0
13.0,M,O2,I,2.0,54.0
13.0,M,O2,I,2.0,54.0
13.0,M,O2,I,2.0,54.0
13.0,M,O2,I,2.0,57.0
13.0,M,O2,I,2.0,57.0
13.0,M,O2,I,2.0,57.0
13.0,M,O2,I,2.0,57.0
13.0,M,O2,I,2.0,61.0
13.0,M,O2,I,2.0,61.0
13.0,M,O2,I,2.0,61.0
13.0,M,O2,I,2.0,61.0
13.0,M,O2,I,2.0,61.0
13.0,M,O2,I,2.0,61.0
13.0,M,O2,I,2.0,64.0
13.0,M,O2,I,2.0,64.0
13.0,M,O2,I,2.0,64.0
13.0,M,O2,I,2.0,64.0
13.0,M,O2,I,2.0,64.0
13.0,M,O2,I,2.0,64.0
13.0,M,O2,I,2.0,64.0
13.0,M,O2,I,2.0,64.0
13.0,M,O2,I,2.0,66.0
13.0,M,O2,I,2.0,66.0
13.0,M,O2,I,2.0,66.0
13.0,M,O2,I,2.0,66.0
13.0,M,O2,I,2.0,68.0
13.0,M,O2,I,2.0,68.0
13.0,M,O2,I,2.0,68.0
13.0,M,O2,I,2.0,71.0
13.0,M,O2,I,2.0,71.0
13.0,M,O2,I,2.0,75.0
13.0,M,O2,I,2.0,75.0
13.0,M,O2,I,2.0,75.0
13.0,M,O2,I,2.0,78.0
13.0,M,O2,I,2.0,78.0
13.0,M,O2,I,2.0,80.0
13.0,M,O2,I,2.0,80.0
13.0,M,O2,I,2.0,80.0
13.0,M,O2,I,2.0,82.0
15.0,M,O2,I,3.0,5.0
15.0,M,O2,I,3.0,19.0
15.0,M,O2,I,3.0,26.0
15.0,M,O2,I,3.0,28.0
15.0,M,O2,I,3.0,39.0
15.0,M,O2,I,3.0,39.0
15.0,M,O2,I,3.0,42.0
15.0,M,O2,I,3.0,42.0
15.0,M,O2,I,3.0,45.0
15.0,M,O2,I,3.0,50.0
15.0,M,O2,I,3.0,52.0
15.0,M,O2,I,3.0,52.0
15.0,M,O2,I,3.0,52.0
15.0,M,O2,I,3.0,52.0
15.0,M,O2,I,3.0,52.0
15.0,M,O2,I,3.0,54.0
15.0,M,O2,I,3.0,54.0
15.0,M,O2,I,3.0,57.0
15.0,M,O2,I,3.0,57.0
15.0,M,O2,I,3.0,59.0
15.0,M,O2,I,3.0,61.0
15.0,M,O2,I,3.0,61.0
15.0,M,O2,I,3.0,61.0
15.0,M,O2,I,3.0,61.0
15.0,M,O2,I,3.0,64.0
15.0,M,O2,I,3.0,64.0
15.0,M,O2,I,3.0,64.0
15.0,M,O2,I,3.0,66.0
15.0,M,O2,I,3.0,66.0
15.0,M,O2,I,3.0,66.0
15.0,M,O2,I,3.0,66.0
15.0,M,O2,I,3.0,66.0
15.0,M,O2,I,3.0,66.0
15.0,M,O2,I,3.0,66.0
15.0,M,O2,I,3.0,66.0
15.0,M,O2,I,3.0,66.0
15.0,M,O2,I,3.0,66.0
15.0,M,O2,I,3.0,68.0
15.0,M,O2,I,3.0,68.0
15.0,M,O2,I,3.0,68.0
15.0,M,O2,I,3.0,68.0
15.0,M,O2,I,3.0,71.0
15.0,M,O2,I,3.0,71.0
15.0,M,O2,I,3.0,71.0
15.0,M,O2,I,3.0,71.0
15.0,M,O2,I,3.0,71.0
15.0,M,O2,I,3.0,71.0
15.0,M,O2,I,3.0,71.0
15.0,M,O2,I,3.0,71.0
15.0,M,O2,I,3.0,71.0
15.0,M,O2,I,3.0,71.0
15.0,M,O2,I,3.0,73.0
15.0,M,O2,I,3.0,73.0
15.0,M,O2,I,3.0,73.0
15.0,M,O2,I,3.0,73.0
15.0,M,O2,I,3.0,78.0
17.0,M,O2,I,4.0,28.0
17.0,M,O2,I,4.0,34.0
17.0,M,O2,I,4.0,42.0
17.0,M,O2,I,4.0,47.0
17.0,M,O2,I,4.0,50.0
17.0,M,O2,I,4.0,50.0
17.0,M,O2,I,4.0,52.0
17.0,M,O2,I,4.0,52.0
17.0,M,O2,I,4.0,52.0
17.0,M,O2,I,4.0,54.0
17.0,M,O2,I,4.0,57.0
17.0,M,O2,I,4.0,57.0
17.0,M,O2,I,4.0,57.0
17.0,M,O2,I,4.0,59.0
17.0,M,O2,I,4.0,61.0
17.0,M,O2,I,4.0,61.0
17.0,M,O2,I,4.0,61.0
17.0,M,O2,I,4.0,61.0
17.0,M,O2,I,4.0,61.0
17.0,M,O2,I,4.0,61.0
17.0,M,O2,I,4.0,64.0
17.0,M,O2,I,4.0,64.0
17.0,M,O2,I,4.0,64.0
17.0,M,O2,I,4.0,64.0
17.0,M,O2,I,4.0,64.0
17.0,M,O2,I,4.0,64.0
17.0,M,O2,I,4.0,64.0
17.0,M,O2,I,4.0,66.0
17.0,M,O2,I,4.0,66.0
17.0,M,O2,I,4.0,66.0
17.0,M,O2,I,4.0,66.0
17.0,M,O2,I,4.0,66.0
17.0,M,O2,I,4.0,66.0
17.0,M,O2,I,4.0,68.0
17.0,M,O2,I,4.0,68.0
17.0,M,O2,I,4.0,68.0
17.0,M,O2,I,4.0,68.0
17.0,M,O2,I,4.0,71.0
17.0,M,O2,I,4.0,71.0
17.0,M,O2,I,4.0,71.0
17.0,M,O2,I,4.0,71.0
17.0,M,O2,I,4.0,73.0
17.0,M,O2,I,4.0,73.0
17.0,M,O2,I,4.0,73.0
17.0,M,O2,I,4.0,73.0
17.0,M,O2,I,4.0,73.0
17.0,M,O2,I,4.0,75.0
17.0,M,O2,I,4.0,75.0
17.0,M,O2,I,4.0,75.0
17.0,M,O2,I,4.0,78.0
17.0,M,O2,I,4.0,78.0
17.0,M,O2,I,4.0,78.0
17.0,M,O2,I,4.0,78.0
17.0,M,O2,I,4.0,78.0
17.0,M,O2,I,4.0,78.0
17.0,M,O2,I,4.0,78.0
17.0,M,O2,I,4.0,78.0
17.0,M,O2,I,4.0,80.0
17.0,M,O2,I,4.0,80.0
17.0,M,O2,I,4.0,80.0
17.0,M,O2,I,4.0,80.0
17.0,M,O2,I,4.0,80.0
17.0,M,O2,I,4.0,80.0
17.0,M,O2,I,4.0,88.0
17.0,M,O2,I,4.0,94.0
21.0,M,2O,I,1.0,8.0
21.0,M,2O,I,1.0,8.0
21.0,M,2O,I,1.0,17.0
21.0,M,2O,I,1.0,24.0
21.0,M,2O,I,1.0,26.0
21.0,M,2O,I,1.0,31.0
21.0,M,2O,I,1.0,31.0
21.0,M,2O,I,1.0,34.0
21.0,M,2O,I,1.0,34.0
21.0,M,2O,I,1.0,34.0
21.0,M,2O,I,1.0,34.0
21.0,M,2O,I,1.0,39.0
21.0,M,2O,I,1.0,39.0
21.0,M,2O,I,1.0,39.0
21.0,M,2O,I,1.0,39.0
21.0,M,2O,I,1.0,42.0
21.0,M,2O,I,1.0,42.0
21.0,M,2O,I,1.0,42.0
21.0,M,2O,I,1.0,45.0
21.0,M,2O,I,1.0,45.0
21.0,M,2O,I,1.0,45.0
21.0,M,2O,I,1.0,47.0
21.0,M,2O,I,1.0,50.0
21.0,M,2O,I,1.0,50.0
21.0,M,2O,I,1.0,50.0
21.0,M,2O,I,1.0,52.0
21.0,M,2O,I,1.0,52.0
21.0,M,2O,I,1.0,52.0
21.0,M,2O,I,1.0,52.0
21.0,M,2O,I,1.0,52.0
21.0,M,2O,I,1.0,54.0
21.0,M,2O,I,1.0,54.0
21.0,M,2O,I,1.0,54.0
21.0,M,2O,I,1.0,54.0
21.0,M,2O,I,1.0,54.0
21.0,M,2O,I,1.0,54.0
21.0,M,2O,I,1.0,57.0
21.0,M,2O,I,1.0,57.0
21.0,M,2O,I,1.0,57.0
21.0,M,2O,I,1.0,59.0
21.0,M,2O,I,1.0,59.0
21.0,M,2O,I,1.0,59.0
21.0,M,2O,I,1.0,61.0
21.0,M,2O,I,1.0,64.0
21.0,M,2O,I,1.0,64.0
21.0,M,2O,I,1.0,64.0
21.0,M,2O,I,1.0,64.0
21.0,M,2O,I,1.0,66.0
21.0,M,2O,I,1.0,66.0
21.0,M,2O,I,1.0,66.0
21.0,M,2O,I,1.0,68.0
21.0,M,2O,I,1.0,71.0
21.0,M,2O,I,1.0,71.0
21.0,M,2O,I,1.0,75.0
21.0,M,2O,I,1.0,78.0
21.0,M,2O,I,1.0,78.0
21.0,M,2O,I,1.0,78.0
21.0,M,2O,I,1.0,80.0
21.0,M,2O,I,1.0,84.0
23.0,M,2O,I,2.0,5.0
23.0,M,2O,I,2.0,24.0
23.0,M,2O,I,2.0,36.0
23.0,M,2O,I,2.0,36.0
23.0,M,2O,I,2.0,39.0
23.0,M,2O,I,2.0,39.0
23.0,M,2O,I,2.0,42.0
23.0,M,2O,I,2.0,45.0
23.0,M,2O,I,2.0,45.0
23.0,M,2O,I,2.0,50.0
23.0,M,2O,I,2.0,50.0
23.0,M,2O,I,2.0,54.0
23.0,M,2O,I,2.0,57.0
23.0,M,2O,I,2.0,57.0
23.0,M,2O,I,2.0,57.0
23.0,M,2O,I,2.0,57.0
23.0,M,2O,I,2.0,57.0
23.0,M,2O,I,2.0,57.0
23.0,M,2O,I,2.0,57.0
23.0,M,2O,I,2.0,57.0
23.0,M,2O,I,2.0,57.0
23.0,M,2O,I,2.0,57.0
23.0,M,2O,I,2.0,59.0
23.0,M,2O,I,2.0,59.0
23.0,M,2O,I,2.0,59.0
23.0,M,2O,I,2.0,64.0
23.0,M,2O,I,2.0,64.0
23.0,M,2O,I,2.0,64.0
23.0,M,2O,I,2.0,64.0
23.0,M,2O,I,2.0,64.0
23.0,M,2O,I,2.0,64.0
23.0,M,2O,I,2.0,64.0
23.0,M,2O,I,2.0,64.0
23.0,M,2O,I,2.0,64.0
23.0,M,2O,I,2.0,64.0
23.0,M,2O,I,2.0,64.0
23.0,M,2O,I,2.0,64.0
23.0,M,2O,I,2.0,66.0
23.0,M,2O,I,2.0,68.0
23.0,M,2O,I,2.0,68.0
23.0,M,2O,I,2.0,68.0
23.0,M,2O,I,2.0,68.0
23.0,M,2O,I,2.0,71.0
23.0,M,2O,I,2.0,71.0
23.0,M,2O,I,2.0,71.0
23.0,M,2O,I,2.0,71.0
23.0,M,2O,I,2.0,71.0
23.0,M,2O,I,2.0,71.0
23.0,M,2O,I,2.0,73.0
23.0,M,2O,I,2.0,73.0
23.0,M,2O,I,2.0,73.0
23.0,M,2O,I,2.0,73.0
23.0,M,2O,I,2.0,73.0
23.0,M,2O,I,2.0,73.0
23.0,M,2O,I,2.0,78.0
23.0,M,2O,I,2.0,78.0
23.0,M,2O,I,2.0,78.0
23.0,M,2O,I,2.0,78.0
23.0,M,2O,I,2.0,78.0
23.0,M,2O,I,2.0,78.0
23.0,M,2O,I,2.0,78.0
23.0,M,2O,I,2.0,78.0
23.0,M,2O,I,2.0,80.0
23.0,M,2O,I,2.0,80.0
23.0,M,2O,I,2.0,80.0
23.0,M,2O,I,2.0,80.0
23.0,M,2O,I,2.0,80.0
23.0,M,2O,I,2.0,82.0
23.0,M,2O,I,2.0,88.0
23.0,M,2O,I,2.0,90.0
25.0,M,2O,I,3.0,22.0
25.0,M,2O,I,3.0,22.0
25.0,M,2O,I,3.0,22.0
25.0,M,2O,I,3.0,26.0
25.0,M,2O,I,3.0,39.0
25.0,M,2O,I,3.0,42.0
25.0,M,2O,I,3.0,42.0
25.0,M,2O,I,3.0,45.0
25.0,M,2O,I,3.0,45.0
25.0,M,2O,I,3.0,47.0
25.0,M,2O,I,3.0,47.0
25.0,M,2O,I,3.0,47.0
25.0,M,2O,I,3.0,47.0
25.0,M,2O,I,3.0,50.0
25.0,M,2O,I,3.0,50.0
25.0,M,2O,I,3.0,52.0
25.0,M,2O,I,3.0,52.0
25.0,M,2O,I,3.0,52.0
25.0,M,2O,I,3.0,52.0
25.0,M,2O,I,3.0,59.0
25.0,M,2O,I,3.0,61.0
25.0,M,2O,I,3.0,61.0
25.0,M,2O,I,3.0,64.0
25.0,M,2O,I,3.0,64.0
25.0,M,2O,I,3.0,64.0
25.0,M,2O,I,3.0,64.0
25.0,M,2O,I,3.0,64.0
25.0,M,2O,I,3.0,64.0
25.0,M,2O,I,3.0,66.0
25.0,M,2O,I,3.0,66.0
25.0,M,2O,I,3.0,66.0
25.0,M,2O,I,3.0,68.0
25.0,M,2O,I,3.0,68.0
25.0,M,2O,I,3.0,68.0
25.0,M,2O,I,3.0,71.0
25.0,M,2O,I,3.0,71.0
25.0,M,2O,I,3.0,71.0
25.0,M,2O,I,3.0,71.0
25.0,M,2O,I,3.0,71.0
25.0,M,2O,I,3.0,71.0
25.0,M,2O,I,3.0,71.0
25.0,M,2O,I,3.0,71.0
25.0,M,2O,I,3.0,71.0
25.0,M,2O,I,3.0,71.0
25.0,M,2O,I,3.0,75.0
25.0,M,2O,I,3.0,78.0
25.0,M,2O,I,3.0,78.0
25.0,M,2O,I,3.0,78.0
25.0,M,2O,I,3.0,80.0
25.0,M,2O,I,3.0,80.0
25.0,M,2O,I,3.0,84.0
27.0,M,2O,I,4.0,28.0
27.0,M,2O,I,4.0,42.0
27.0,M,2O,I,4.0,45.0
27.0,M,2O,I,4.0,45.0
27.0,M,2O,I,4.0,45.0
27.0,M,2O,I,4.0,45.0
27.0,M,2O,I,4.0,47.0
27.0,M,2O,I,4.0,47.0
27.0,M,2O,I,4.0,54.0
27.0,M,2O,I,4.0,54.0
27.0,M,2O,I,4.0,54.0
27.0,M,2O,I,4.0,54.0
27.0,M,2O,I,4.0,57.0
27.0,M,2O,I,4.0,57.0
27.0,M,2O,I,4.0,57.0
27.0,M,2O,I,4.0,57.0
27.0,M,2O,I,4.0,59.0
27.0,M,2O,I,4.0,64.0
27.0,M,2O,I,4.0,64.0
27.0,M,2O,I,4.0,64.0
27.0,M,2O,I,4.0,64.0
27.0,M,2O,I,4.0,64.0
27.0,M,2O,I,4.0,66.0
27.0,M,2O,I,4.0,68.0
27.0,M,2O,I,4.0,68.0
27.0,M,2O,I,4.0,68.0
27.0,M,2O,I,4.0,68.0
27.0,M,2O,I,4.0,71.0
27.0,M,2O,I,4.0,71.0
27.0,M,2O,I,4.0,71.0
27.0,M,2O,I,4.0,71.0
27.0,M,2O,I,4.0,73.0
27.0,M,2O,I,4.0,73.0
27.0,M,2O,I,4.0,73.0
27.0,M,2O,I,4.0,73.0
27.0,M,2O,I,4.0,73.0
27.0,M,2O,I,4.0,73.0
27.0,M,2O,I,4.0,73.0
27.0,M,2O,I,4.0,73.0
27.0,M,2O,I,4.0,75.0
27.0,M,2O,I,4.0,75.0
27.0,M,2O,I,4.0,78.0
27.0,M,2O,I,4.0,78.0
27.0,M,2O,I,4.0,78.0
27.0,M,2O,I,4.0,78.0
27.0,M,2O,I,4.0,78.0
27.0,M,2O,I,4.0,78.0
27.0,M,2O,I,4.0,78.0
27.0,M,2O,I,4.0,78.0
27.0,M,2O,I,4.0,80.0
27.0,M,2O,I,4.0,82.0
27.0,M,2O,I,4.0,82.0
27.0,M,2O,I,4.0,82.0
27.0,M,2O,I,4.0,82.0
27.0,M,2O,I,4.0,84.0
31.0,M,22,I,1.0,5.0
31.0,M,22,I,1.0,15.0
31.0,M,22,I,1.0,17.0
31.0,M,22,I,1.0,24.0
31.0,M,22,I,1.0,26.0
31.0,M,22,I,1.0,31.0
31.0,M,22,I,1.0,34.0
31.0,M,22,I,1.0,36.0
31.0,M,22,I,1.0,36.0
31.0,M,22,I,1.0,39.0
31.0,M,22,I,1.0,39.0
31.0,M,22,I,1.0,39.0
31.0,M,22,I,1.0,39.0
31.0,M,22,I,1.0,39.0
31.0,M,22,I,1.0,39.0
31.0,M,22,I,1.0,39.0
31.0,M,22,I,1.0,42.0
31.0,M,22,I,1.0,42.0
31.0,M,22,I,1.0,42.0
31.0,M,22,I,1.0,42.0
31.0,M,22,I,1.0,42.0
31.0,M,22,I,1.0,42.0
31.0,M,22,I,1.0,45.0
31.0,M,22,I,1.0,45.0
31.0,M,22,I,1.0,45.0
31.0,M,22,I,1.0,47.0
31.0,M,22,I,1.0,47.0
31.0,M,22,I,1.0,47.0
31.0,M,22,I,1.0,47.0
31.0,M,22,I,1.0,47.0
31.0,M,22,I,1.0,47.0
31.0,M,22,I,1.0,47.0
31.0,M,22,I,1.0,47.0
31.0,M,22,I,1.0,47.0
31.0,M,22,I,1.0,50.0
31.0,M,22,I,1.0,52.0
31.0,M,22,I,1.0,52.0
31.0,M,22,I,1.0,52.0
31.0,M,22,I,1.0,52.0
31.0,M,22,I,1.0,54.0
31.0,M,22,I,1.0,54.0
31.0,M,22,I,1.0,54.0
31.0,M,22,I,1.0,54.0
31.0,M,22,I,1.0,54.0
31.0,M,22,I,1.0,54.0
31.0,M,22,I,1.0,57.0
31.0,M,22,I,1.0,59.0
31.0,M,22,I,1.0,61.0
31.0,M,22,I,1.0,61.0
31.0,M,22,I,1.0,71.0
31.0,M,22,I,1.0,71.0
31.0,M,22,I,1.0,75.0
31.0,M,22,I,1.0,78.0
33.0,M,22,I,2.0,5.0
33.0,M,22,I,2.0,8.0
33.0,M,22,I,2.0,8.0
33.0,M,22,I,2.0,24.0
33.0,M,22,I,2.0,28.0
33.0,M,22,I,2.0,28.0
33.0,M,22,I,2.0,36.0
33.0,M,22,I,2.0,36.0
33.0,M,22,I,2.0,36.0
33.0,M,22,I,2.0,36.0
33.0,M,22,I,2.0,36.0
33.0,M,22,I,2.0,36.0
33.0,M,22,I,2.0,39.0
33.0,M,22,I,2.0,39.0
33.0,M,22,I,2.0,39.0
33.0,M,22,I,2.0,42.0
33.0,M,22,I,2.0,42.0
33.0,M,22,I,2.0,42.0
33.0,M,22,I,2.0,42.0
33.0,M,22,I,2.0,42.0
33.0,M,22,I,2.0,42.0
33.0,M,22,I,2.0,42.0
33.0,M,22,I,2.0,42.0
33.0,M,22,I,2.0,42.0
33.0,M,22,I,2.0,45.0
33.0,M,22,I,2.0,45.0
33.0,M,22,I,2.0,47.0
33.0,M,22,I,2.0,47.0
33.0,M,22,I,2.0,47.0
33.0,M,22,I,2.0,47.0
33.0,M,22,I,2.0,47.0
33.0,M,22,I,2.0,50.0
33.0,M,22,I,2.0,50.0
33.0,M,22,I,2.0,50.0
33.0,M,22,I,2.0,50.0
33.0,M,22,I,2.0,52.0
33.0,M,22,I,2.0,52.0
33.0,M,22,I,2.0,52.0
33.0,M,22,I,2.0,52.0
33.0,M,22,I,2.0,52.0
33.0,M,22,I,2.0,54.0
33.0,M,22,I,2.0,54.0
33.0,M,22,I,2.0,54.0
33.0,M,22,I,2.0,54.0
33.0,M,22,I,2.0,54.0
33.0,M,22,I,2.0,57.0
33.0,M,22,I,2.0,57.0
33.0,M,22,I,2.0,57.0
33.0,M,22,I,2.0,57.0
33.0,M,22,I,2.0,57.0
33.0,M,22,I,2.0,59.0
33.0,M,22,I,2.0,59.0
33.0,M,22,I,2.0,59.0
33.0,M,22,I,2.0,68.0
33.0,M,22,I,2.0,68.0
33.0,M,22,I,2.0,71.0
33.0,M,22,I,2.0,75.0
33.0,M,22,I,2.0,78.0
35.0,M,22,I,3.0,8.0
35.0,M,22,I,3.0,28.0
35.0,M,22,I,3.0,31.0
35.0,M,22,I,3.0,34.0
35.0,M,22,I,3.0,42.0
35.0,M,22,I,3.0,42.0
35.0,M,22,I,3.0,42.0
35.0,M,22,I,3.0,42.0
35.0,M,22,I,3.0,42.0
35.0,M,22,I,3.0,42.0
35.0,M,22,I,3.0,42.0
35.0,M,22,I,3.0,42.0
35.0,M,22,I,3.0,42.0
35.0,M,22,I,3.0,45.0
35.0,M,22,I,3.0,45.0
35.0,M,22,I,3.0,45.0
35.0,M,22,I,3.0,45.0
35.0,M,22,I,3.0,45.0
35.0,M,22,I,3.0,45.0
35.0,M,22,I,3.0,45.0
35.0,M,22,I,3.0,47.0
35.0,M,22,I,3.0,47.0
35.0,M,22,I,3.0,50.0
35.0,M,22,I,3.0,50.0
35.0,M,22,I,3.0,52.0
35.0,M,22,I,3.0,52.0
35.0,M,22,I,3.0,52.0
35.0,M,22,I,3.0,52.0
35.0,M,22,I,3.0,52.0
35.0,M,22,I,3.0,52.0
35.0,M,22,I,3.0,54.0
35.0,M,22,I,3.0,54.0
35.0,M,22,I,3.0,54.0
35.0,M,22,I,3.0,54.0
35.0,M,22,I,3.0,57.0
35.0,M,22,I,3.0,57.0
35.0,M,22,I,3.0,57.0
35.0,M,22,I,3.0,57.0
35.0,M,22,I,3.0,57.0
35.0,M,22,I,3.0,57.0
35.0,M,22,I,3.0,57.0
35.0,M,22,I,3.0,57.0
35.0,M,22,I,3.0,59.0
35.0,M,22,I,3.0,59.0
35.0,M,22,I,3.0,59.0
35.0,M,22,I,3.0,61.0
35.0,M,22,I,3.0,61.0
35.0,M,22,I,3.0,64.0
35.0,M,22,I,3.0,64.0
35.0,M,22,I,3.0,64.0
35.0,M,22,I,3.0,64.0
35.0,M,22,I,3.0,66.0
35.0,M,22,I,3.0,66.0
35.0,M,22,I,3.0,66.0
35.0,M,22,I,3.0,66.0
35.0,M,22,I,3.0,68.0
35.0,M,22,I,3.0,68.0
35.0,M,22,I,3.0,68.0
35.0,M,22,I,3.0,68.0
35.0,M,22,I,3.0,71.0
35.0,M,22,I,3.0,71.0
35.0,M,22,I,3.0,78.0
35.0,M,22,I,3.0,78.0
35.0,M,22,I,3.0,78.0
35.0,M,22,I,3.0,78.0
35.0,M,22,I,3.0,78.0
35.0,M,22,I,3.0,84.0
37.0,M,22,I,4.0,5.0
37.0,M,22,I,4.0,8.0
37.0,M,22,I,4.0,8.0
37.0,M,22,I,4.0,8.0
37.0,M,22,I,4.0,26.0
37.0,M,22,I,4.0,28.0
37.0,M,22,I,4.0,28.0
37.0,M,22,I,4.0,28.0
37.0,M,22,I,4.0,31.0
37.0,M,22,I,4.0,34.0
37.0,M,22,I,4.0,34.0
37.0,M,22,I,4.0,34.0
37.0,M,22,I,4.0,36.0
37.0,M,22,I,4.0,36.0
37.0,M,22,I,4.0,36.0
37.0,M,22,I,4.0,36.0
37.0,M,22,I,4.0,39.0
37.0,M,22,I,4.0,39.0
37.0,M,22,I,4.0,39.0
37.0,M,22,I,4.0,39.0
37.0,M,22,I,4.0,39.0
37.0,M,22,I,4.0,42.0
37.0,M,22,I,4.0,42.0
37.0,M,22,I,4.0,42.0
37.0,M,22,I,4.0,42.0
37.0,M,22,I,4.0,42.0
37.0,M,22,I,4.0,42.0
37.0,M,22,I,4.0,42.0
37.0,M,22,I,4.0,42.0
37.0,M,22,I,4.0,42.0
37.0,M,22,I,4.0,42.0
37.0,M,22,I,4.0,42.0
37.0,M,22,I,4.0,42.0
37.0,M,22,I,4.0,42.0
37.0,M,22,I,4.0,45.0
37.0,M,22,I,4.0,45.0
37.0,M,22,I,4.0,45.0
37.0,M,22,I,4.0,45.0
37.0,M,22,I,4.0,47.0
37.0,M,22,I,4.0,50.0
37.0,M,22,I,4.0,50.0
37.0,M,22,I,4.0,50.0
37.0,M,22,I,4.0,50.0
37.0,M,22,I,4.0,52.0
37.0,M,22,I,4.0,52.0
37.0,M,22,I,4.0,52.0
37.0,M,22,I,4.0,52.0
37.0,M,22,I,4.0,54.0
37.0,M,22,I,4.0,54.0
37.0,M,22,I,4.0,54.0
37.0,M,22,I,4.0,54.0
37.0,M,22,I,4.0,57.0
37.0,M,22,I,4.0,57.0
37.0,M,22,I,4.0,57.0
37.0,M,22,I,4.0,57.0
37.0,M,22,I,4.0,59.0
37.0,M,22,I,4.0,59.0
37.0,M,22,I,4.0,66.0
37.0,M,22,I,4.0,66.0
37.0,M,22,I,4.0,68.0
37.0,M,22,I,4.0,71.0
37.0,M,22,I,4.0,71.0
37.0,M,22,I,4.0,71.0
2.0,M,OO,III,1.0,12.0
2.0,M,OO,III,1.0,12.0
2.0,M,OO,III,1.0,15.0
2.0,M,OO,III,1.0,15.0
2.0,M,OO,III,1.0,15.0
2.0,M,OO,III,1.0,15.0
2.0,M,OO,III,1.0,15.0
2.0,M,OO,III,1.0,15.0
2.0,M,OO,III,1.0,15.0
2.0,M,OO,III,1.0,15.0
2.0,M,OO,III,1.0,15.0
2.0,M,OO,III,1.0,15.0
2.0,M,OO,III,1.0,15.0
2.0,M,OO,III,1.0,15.0
2.0,M,OO,III,1.0,15.0
2.0,M,OO,III,1.0,15.0
2.0,M,OO,III,1.0,17.0
2.0,M,OO,III,1.0,17.0
2.0,M,OO,III,1.0,17.0
2.0,M,OO,III,1.0,17.0
2.0,M,OO,III,1.0,17.0
2.0,M,OO,III,1.0,17.0
2.0,M,OO,III,1.0,17.0
2.0,M,OO,III,1.0,17.0
2.0,M,OO,III,1.0,17.0
2.0,M,OO,III,1.0,17.0
2.0,M,OO,III,1.0,19.0
2.0,M,OO,III,1.0,19.0
2.0,M,OO,III,1.0,19.0
2.0,M,OO,III,1.0,19.0
2.0,M,OO,III,1.0,19.0
2.0,M,OO,III,1.0,19.0
2.0,M,OO,III,1.0,19.0
2.0,M,OO,III,1.0,19.0
2.0,M,OO,III,1.0,19.0
2.0,M,OO,III,1.0,19.0
2.0,M,OO,III,1.0,19.0
2.0,M,OO,III,1.0,19.0
2.0,M,OO,III,1.0,22.0
2.0,M,OO,III,1.0,22.0
2.0,M,OO,III,1.0,22.0
2.0,M,OO,III,1.0,22.0
2.0,M,OO,III,1.0,22.0
2.0,M,OO,III,1.0,22.0
2.0,M,OO,III,1.0,22.0
2.0,M,OO,III,1.0,24.0
2.0,M,OO,III,1.0,24.0
2.0,M,OO,III,1.0,24.0
2.0,M,OO,III,1.0,26.0
2.0,M,OO,III,1.0,26.0
2.0,M,OO,III,1.0,26.0
2.0,M,OO,III,1.0,28.0
2.0,M,OO,III,1.0,28.0
2.0,M,OO,III,1.0,31.0
2.0,M,OO,III,1.0,31.0
2.0,M,OO,III,1.0,36.0
2.0,M,OO,III,1.0,42.0
4.0,M,OO,III,2.0,8.0
4.0,M,OO,III,2.0,12.0
4.0,M,OO,III,2.0,12.0
4.0,M,OO,III,2.0,15.0
4.0,M,OO,III,2.0,15.0
4.0,M,OO,III,2.0,15.0
4.0,M,OO,III,2.0,15.0
4.0,M,OO,III,2.0,15.0
4.0,M,OO,III,2.0,15.0
4.0,M,OO,III,2.0,17.0
4.0,M,OO,III,2.0,17.0
4.0,M,OO,III,2.0,17.0
4.0,M,OO,III,2.0,17.0
4.0,M,OO,III,2.0,17.0
4.0,M,OO,III,2.0,19.0
4.0,M,OO,III,2.0,19.0
4.0,M,OO,III,2.0,19.0
4.0,M,OO,III,2.0,19.0
4.0,M,OO,III,2.0,19.0
4.0,M,OO,III,2.0,19.0
4.0,M,OO,III,2.0,19.0
4.0,M,OO,III,2.0,22.0
4.0,M,OO,III,2.0,22.0
4.0,M,OO,III,2.0,22.0
4.0,M,OO,III,2.0,22.0
4.0,M,OO,III,2.0,22.0
4.0,M,OO,III,2.0,22.0
4.0,M,OO,III,2.0,22.0
4.0,M,OO,III,2.0,22.0
4.0,M,OO,III,2.0,22.0
4.0,M,OO,III,2.0,22.0
4.0,M,OO,III,2.0,22.0
4.0,M,OO,III,2.0,22.0
4.0,M,OO,III,2.0,22.0
4.0,M,OO,III,2.0,24.0
4.0,M,OO,III,2.0,24.0
4.0,M,OO,III,2.0,24.0
4.0,M,OO,III,2.0,24.0
4.0,M,OO,III,2.0,24.0
4.0,M,OO,III,2.0,24.0
4.0,M,OO,III,2.0,26.0
4.0,M,OO,III,2.0,26.0
4.0,M,OO,III,2.0,26.0
4.0,M,OO,III,2.0,28.0
4.0,M,OO,III,2.0,28.0
4.0,M,OO,III,2.0,31.0
4.0,M,OO,III,2.0,31.0
4.0,M,OO,III,2.0,31.0
4.0,M,OO,III,2.0,31.0
4.0,M,OO,III,2.0,34.0
4.0,M,OO,III,2.0,34.0
4.0,M,OO,III,2.0,42.0
4.0,M,OO,III,2.0,42.0
6.0,M,OO,III,3.0,5.0
6.0,M,OO,III,3.0,5.0
6.0,M,OO,III,3.0,5.0
6.0,M,OO,III,3.0,8.0
6.0,M,OO,III,3.0,8.0
6.0,M,OO,III,3.0,10.0
6.0,M,OO,III,3.0,12.0
6.0,M,OO,III,3.0,12.0
6.0,M,OO,III,3.0,15.0
6.0,M,OO,III,3.0,15.0
6.0,M,OO,III,3.0,15.0
6.0,M,OO,III,3.0,15.0
6.0,M,OO,III,3.0,17.0
6.0,M,OO,III,3.0,17.0
6.0,M,OO,III,3.0,17.0
6.0,M,OO,III,3.0,17.0
6.0,M,OO,III,3.0,17.0
6.0,M,OO,III,3.0,19.0
6.0,M,OO,III,3.0,19.0
6.0,M,OO,III,3.0,19.0
6.0,M,OO,III,3.0,19.0
6.0,M,OO,III,3.0,19.0
6.0,M,OO,III,3.0,19.0
6.0,M,OO,III,3.0,19.0
6.0,M,OO,III,3.0,19.0
6.0,M,OO,III,3.0,22.0
6.0,M,OO,III,3.0,22.0
6.0,M,OO,III,3.0,22.0
6.0,M,OO,III,3.0,22.0
6.0,M,OO,III,3.0,22.0
6.0,M,OO,III,3.0,22.0
6.0,M,OO,III,3.0,22.0
6.0,M,OO,III,3.0,22.0
6.0,M,OO,III,3.0,22.0
6.0,M,OO,III,3.0,24.0
6.0,M,OO,III,3.0,24.0
6.0,M,OO,III,3.0,24.0
6.0,M,OO,III,3.0,24.0
6.0,M,OO,III,3.0,24.0
6.0,M,OO,III,3.0,24.0
6.0,M,OO,III,3.0,24.0
6.0,M,OO,III,3.0,24.0
6.0,M,OO,III,3.0,24.0
6.0,M,OO,III,3.0,24.0
6.0,M,OO,III,3.0,24.0
6.0,M,OO,III,3.0,24.0
6.0,M,OO,III,3.0,24.0
6.0,M,OO,III,3.0,24.0
6.0,M,OO,III,3.0,24.0
6.0,M,OO,III,3.0,24.0
6.0,M,OO,III,3.0,26.0
6.0,M,OO,III,3.0,26.0
6.0,M,OO,III,3.0,26.0
6.0,M,OO,III,3.0,26.0
6.0,M,OO,III,3.0,26.0
6.0,M,OO,III,3.0,28.0
6.0,M,OO,III,3.0,28.0
6.0,M,OO,III,3.0,31.0
6.0,M,OO,III,3.0,31.0
6.0,M,OO,III,3.0,45.0
8.0,M,OO,III,4.0,10.0
8.0,M,OO,III,4.0,10.0
8.0,M,OO,III,4.0,12.0
8.0,M,OO,III,4.0,15.0
8.0,M,OO,III,4.0,15.0
8.0,M,OO,III,4.0,15.0
8.0,M,OO,III,4.0,15.0
8.0,M,OO,III,4.0,15.0
8.0,M,OO,III,4.0,15.0
8.0,M,OO,III,4.0,15.0
8.0,M,OO,III,4.0,15.0
8.0,M,OO,III,4.0,15.0
8.0,M,OO,III,4.0,15.0
8.0,M,OO,III,4.0,15.0
8.0,M,OO,III,4.0,15.0
8.0,M,OO,III,4.0,15.0
8.0,M,OO,III,4.0,15.0
8.0,M,OO,III,4.0,15.0
8.0,M,OO,III,4.0,15.0
8.0,M,OO,III,4.0,17.0
8.0,M,OO,III,4.0,17.0
8.0,M,OO,III,4.0,17.0
8.0,M,OO,III,4.0,17.0
8.0,M,OO,III,4.0,17.0
8.0,M,OO,III,4.0,17.0
8.0,M,OO,III,4.0,17.0
8.0,M,OO,III,4.0,17.0
8.0,M,OO,III,4.0,17.0
8.0,M,OO,III,4.0,17.0
8.0,M,OO,III,4.0,17.0
8.0,M,OO,III,4.0,17.0
8.0,M,OO,III,4.0,17.0
8.0,M,OO,III,4.0,17.0
8.0,M,OO,III,4.0,17.0
8.0,M,OO,III,4.0,17.0
8.0,M,OO,III,4.0,19.0
8.0,M,OO,III,4.0,19.0
8.0,M,OO,III,4.0,19.0
8.0,M,OO,III,4.0,19.0
8.0,M,OO,III,4.0,19.0
8.0,M,OO,III,4.0,19.0
8.0,M,OO,III,4.0,19.0
8.0,M,OO,III,4.0,19.0
8.0,M,OO,III,4.0,19.0
8.0,M,OO,III,4.0,19.0
8.0,M,OO,III,4.0,19.0
8.0,M,OO,III,4.0,19.0
8.0,M,OO,III,4.0,19.0
8.0,M,OO,III,4.0,19.0
8.0,M,OO,III,4.0,22.0
8.0,M,OO,III,4.0,22.0
8.0,M,OO,III,4.0,22.0
8.0,M,OO,III,4.0,24.0
8.0,M,OO,III,4.0,24.0
8.0,M,OO,III,4.0,24.0
8.0,M,OO,III,4.0,24.0
8.0,M,OO,III,4.0,24.0
8.0,M,OO,III,4.0,24.0
8.0,M,OO,III,4.0,24.0
8.0,M,OO,III,4.0,24.0
8.0,M,OO,III,4.0,26.0
12.0,M,O2,III,1.0,10.0
12.0,M,O2,III,1.0,28.0
12.0,M,O2,III,1.0,31.0
12.0,M,O2,III,1.0,31.0
12.0,M,O2,III,1.0,34.0
12.0,M,O2,III,1.0,34.0
12.0,M,O2,III,1.0,34.0
12.0,M,O2,III,1.0,34.0
12.0,M,O2,III,1.0,36.0
12.0,M,O2,III,1.0,39.0
12.0,M,O2,III,1.0,39.0
12.0,M,O2,III,1.0,39.0
12.0,M,O2,III,1.0,39.0
12.0,M,O2,III,1.0,42.0
12.0,M,O2,III,1.0,42.0
12.0,M,O2,III,1.0,42.0
12.0,M,O2,III,1.0,42.0
12.0,M,O2,III,1.0,42.0
12.0,M,O2,III,1.0,42.0
12.0,M,O2,III,1.0,42.0
12.0,M,O2,III,1.0,45.0
12.0,M,O2,III,1.0,45.0
12.0,M,O2,III,1.0,47.0
12.0,M,O2,III,1.0,47.0
12.0,M,O2,III,1.0,50.0
12.0,M,O2,III,1.0,50.0
12.0,M,O2,III,1.0,50.0
12.0,M,O2,III,1.0,50.0
12.0,M,O2,III,1.0,50.0
12.0,M,O2,III,1.0,50.0
12.0,M,O2,III,1.0,52.0
12.0,M,O2,III,1.0,54.0
12.0,M,O2,III,1.0,54.0
12.0,M,O2,III,1.0,54.0
12.0,M,O2,III,1.0,54.0
12.0,M,O2,III,1.0,54.0
12.0,M,O2,III,1.0,54.0
12.0,M,O2,III,1.0,57.0
12.0,M,O2,III,1.0,57.0
12.0,M,O2,III,1.0,57.0
12.0,M,O2,III,1.0,57.0
12.0,M,O2,III,1.0,61.0
12.0,M,O2,III,1.0,64.0
12.0,M,O2,III,1.0,64.0
12.0,M,O2,III,1.0,64.0
12.0,M,O2,III,1.0,64.0
12.0,M,O2,III,1.0,64.0
12.0,M,O2,III,1.0,64.0
12.0,M,O2,III,1.0,64.0
12.0,M,O2,III,1.0,66.0
12.0,M,O2,III,1.0,66.0
12.0,M,O2,III,1.0,66.0
12.0,M,O2,III,1.0,68.0
12.0,M,O2,III,1.0,71.0
12.0,M,O2,III,1.0,71.0
12.0,M,O2,III,1.0,71.0
12.0,M,O2,III,1.0,75.0
12.0,M,O2,III,1.0,78.0
12.0,M,O2,III,1.0,80.0
14.0,M,O2,III,2.0,24.0
14.0,M,O2,III,2.0,31.0
14.0,M,O2,III,2.0,31.0
14.0,M,O2,III,2.0,34.0
14.0,M,O2,III,2.0,34.0
14.0,M,O2,III,2.0,34.0
14.0,M,O2,III,2.0,34.0
14.0,M,O2,III,2.0,36.0
14.0,M,O2,III,2.0,36.0
14.0,M,O2,III,2.0,36.0
14.0,M,O2,III,2.0,39.0
14.0,M,O2,III,2.0,39.0
14.0,M,O2,III,2.0,42.0
14.0,M,O2,III,2.0,42.0
14.0,M,O2,III,2.0,42.0
14.0,M,O2,III,2.0,42.0
14.0,M,O2,III,2.0,45.0
14.0,M,O2,III,2.0,45.0
14.0,M,O2,III,2.0,47.0
14.0,M,O2,III,2.0,47.0
14.0,M,O2,III,2.0,47.0
14.0,M,O2,III,2.0,47.0
14.0,M,O2,III,2.0,47.0
14.0,M,O2,III,2.0,47.0
14.0,M,O2,III,2.0,47.0
14.0,M,O2,III,2.0,50.0
14.0,M,O2,III,2.0,50.0
14.0,M,O2,III,2.0,50.0
14.0,M,O2,III,2.0,52.0
14.0,M,O2,III,2.0,54.0
14.0,M,O2,III,2.0,54.0
14.0,M,O2,III,2.0,54.0
14.0,M,O2,III,2.0,54.0
14.0,M,O2,III,2.0,54.0
14.0,M,O2,III,2.0,54.0
14.0,M,O2,III,2.0,54.0
14.0,M,O2,III,2.0,54.0
14.0,M,O2,III,2.0,54.0
14.0,M,O2,III,2.0,57.0
14.0,M,O2,III,2.0,57.0
14.0,M,O2,III,2.0,57.0
14.0,M,O2,III,2.0,57.0
14.0,M,O2,III,2.0,59.0
14.0,M,O2,III,2.0,61.0
14.0,M,O2,III,2.0,64.0
14.0,M,O2,III,2.0,64.0
14.0,M,O2,III,2.0,64.0
14.0,M,O2,III,2.0,66.0
14.0,M,O2,III,2.0,68.0
14.0,M,O2,III,2.0,68.0
14.0,M,O2,III,2.0,68.0
14.0,M,O2,III,2.0,68.0
14.0,M,O2,III,2.0,68.0
14.0,M,O2,III,2.0,68.0
14.0,M,O2,III,2.0,71.0
14.0,M,O2,III,2.0,73.0
16.0,M,O2,III,3.0,22.0
16.0,M,O2,III,3.0,26.0
16.0,M,O2,III,3.0,31.0
16.0,M,O2,III,3.0,36.0
16.0,M,O2,III,3.0,36.0
16.0,M,O2,III,3.0,42.0
16.0,M,O2,III,3.0,42.0
16.0,M,O2,III,3.0,42.0
16.0,M,O2,III,3.0,42.0
16.0,M,O2,III,3.0,42.0
16.0,M,O2,III,3.0,45.0
16.0,M,O2,III,3.0,45.0
16.0,M,O2,III,3.0,45.0
16.0,M,O2,III,3.0,45.0
16.0,M,O2,III,3.0,45.0
16.0,M,O2,III,3.0,47.0
16.0,M,O2,III,3.0,50.0
16.0,M,O2,III,3.0,50.0
16.0,M,O2,III,3.0,50.0
16.0,M,O2,III,3.0,50.0
16.0,M,O2,III,3.0,50.0
16.0,M,O2,III,3.0,50.0
16.0,M,O2,III,3.0,50.0
16.0,M,O2,III,3.0,50.0
16.0,M,O2,III,3.0,52.0
16.0,M,O2,III,3.0,52.0
16.0,M,O2,III,3.0,52.0
16.0,M,O2,III,3.0,52.0
16.0,M,O2,III,3.0,52.0
16.0,M,O2,III,3.0,52.0
16.0,M,O2,III,3.0,54.0
16.0,M,O2,III,3.0,54.0
16.0,M,O2,III,3.0,54.0
16.0,M,O2,III,3.0,54.0
16.0,M,O2,III,3.0,54.0
16.0,M,O2,III,3.0,54.0
16.0,M,O2,III,3.0,54.0
16.0,M,O2,III,3.0,57.0
16.0,M,O2,III,3.0,61.0
16.0,M,O2,III,3.0,64.0
16.0,M,O2,III,3.0,64.0
16.0,M,O2,III,3.0,64.0
16.0,M,O2,III,3.0,64.0
16.0,M,O2,III,3.0,64.0
16.0,M,O2,III,3.0,64.0
16.0,M,O2,III,3.0,68.0
16.0,M,O2,III,3.0,71.0
16.0,M,O2,III,3.0,71.0
16.0,M,O2,III,3.0,71.0
16.0,M,O2,III,3.0,71.0
16.0,M,O2,III,3.0,71.0
16.0,M,O2,III,3.0,71.0
16.0,M,O2,III,3.0,71.0
18.0,M,O2,III,4.0,15.0
18.0,M,O2,III,4.0,31.0
18.0,M,O2,III,4.0,34.0
18.0,M,O2,III,4.0,36.0
18.0,M,O2,III,4.0,36.0
18.0,M,O2,III,4.0,36.0
18.0,M,O2,III,4.0,36.0
18.0,M,O2,III,4.0,36.0
18.0,M,O2,III,4.0,42.0
18.0,M,O2,III,4.0,42.0
18.0,M,O2,III,4.0,42.0
18.0,M,O2,III,4.0,42.0
18.0,M,O2,III,4.0,42.0
18.0,M,O2,III,4.0,42.0
18.0,M,O2,III,4.0,45.0
18.0,M,O2,III,4.0,45.0
18.0,M,O2,III,4.0,47.0
18.0,M,O2,III,4.0,47.0
18.0,M,O2,III,4.0,47.0
18.0,M,O2,III,4.0,47.0
18.0,M,O2,III,4.0,47.0
18.0,M,O2,III,4.0,50.0
18.0,M,O2,III,4.0,50.0
18.0,M,O2,III,4.0,50.0
18.0,M,O2,III,4.0,52.0
18.0,M,O2,III,4.0,52.0
18.0,M,O2,III,4.0,52.0
18.0,M,O2,III,4.0,54.0
18.0,M,O2,III,4.0,54.0
18.0,M,O2,III,4.0,54.0
18.0,M,O2,III,4.0,54.0
18.0,M,O2,III,4.0,54.0
18.0,M,O2,III,4.0,57.0
18.0,M,O2,III,4.0,57.0
18.0,M,O2,III,4.0,57.0
18.0,M,O2,III,4.0,57.0
18.0,M,O2,III,4.0,57.0
18.0,M,O2,III,4.0,59.0
18.0,M,O2,III,4.0,59.0
18.0,M,O2,III,4.0,59.0
18.0,M,O2,III,4.0,64.0
18.0,M,O2,III,4.0,64.0
18.0,M,O2,III,4.0,64.0
18.0,M,O2,III,4.0,64.0
18.0,M,O2,III,4.0,64.0
18.0,M,O2,III,4.0,64.0
18.0,M,O2,III,4.0,64.0
18.0,M,O2,III,4.0,66.0
18.0,M,O2,III,4.0,66.0
18.0,M,O2,III,4.0,68.0
18.0,M,O2,III,4.0,71.0
18.0,M,O2,III,4.0,75.0
22.0,M,2O,III,1.0,5.0
22.0,M,2O,III,1.0,5.0
22.0,M,2O,III,1.0,8.0
22.0,M,2O,III,1.0,8.0
22.0,M,2O,III,1.0,8.0
22.0,M,2O,III,1.0,10.0
22.0,M,2O,III,1.0,15.0
22.0,M,2O,III,1.0,26.0
22.0,M,2O,III,1.0,26.0
22.0,M,2O,III,1.0,26.0
22.0,M,2O,III,1.0,28.0
22.0,M,2O,III,1.0,34.0
22.0,M,2O,III,1.0,34.0
22.0,M,2O,III,1.0,34.0
22.0,M,2O,III,1.0,36.0
22.0,M,2O,III,1.0,36.0
22.0,M,2O,III,1.0,36.0
22.0,M,2O,III,1.0,36.0
22.0,M,2O,III,1.0,36.0
22.0,M,2O,III,1.0,36.0
22.0,M,2O,III,1.0,36.0
22.0,M,2O,III,1.0,39.0
22.0,M,2O,III,1.0,39.0
22.0,M,2O,III,1.0,42.0
22.0,M,2O,III,1.0,42.0
22.0,M,2O,III,1.0,42.0
22.0,M,2O,III,1.0,42.0
22.0,M,2O,III,1.0,42.0
22.0,M,2O,III,1.0,45.0
22.0,M,2O,III,1.0,45.0
22.0,M,2O,III,1.0,47.0
22.0,M,2O,III,1.0,47.0
22.0,M,2O,III,1.0,50.0
22.0,M,2O,III,1.0,52.0
22.0,M,2O,III,1.0,52.0
22.0,M,2O,III,1.0,52.0
22.0,M,2O,III,1.0,52.0
22.0,M,2O,III,1.0,54.0
22.0,M,2O,III,1.0,57.0
22.0,M,2O,III,1.0,57.0
22.0,M,2O,III,1.0,61.0
22.0,M,2O,III,1.0,68.0
22.0,M,2O,III,1.0,71.0
22.0,M,2O,III,1.0,71.0
22.0,M,2O,III,1.0,71.0
22.0,M,2O,III,1.0,71.0
22.0,M,2O,III,1.0,73.0
22.0,M,2O,III,1.0,73.0
22.0,M,2O,III,1.0,73.0
22.0,M,2O,III,1.0,73.0
22.0,M,2O,III,1.0,75.0
22.0,M,2O,III,1.0,75.0
22.0,M,2O,III,1.0,78.0
22.0,M,2O,III,1.0,78.0
22.0,M,2O,III,1.0,78.0
24.0,M,2O,III,2.0,5.0
24.0,M,2O,III,2.0,12.0
24.0,M,2O,III,2.0,28.0
24.0,M,2O,III,2.0,31.0
24.0,M,2O,III,2.0,31.0
24.0,M,2O,III,2.0,34.0
24.0,M,2O,III,2.0,34.0
24.0,M,2O,III,2.0,36.0
24.0,M,2O,III,2.0,36.0
24.0,M,2O,III,2.0,36.0
24.0,M,2O,III,2.0,36.0
24.0,M,2O,III,2.0,36.0
24.0,M,2O,III,2.0,36.0
24.0,M,2O,III,2.0,36.0
24.0,M,2O,III,2.0,36.0
24.0,M,2O,III,2.0,39.0
24.0,M,2O,III,2.0,42.0
24.0,M,2O,III,2.0,42.0
24.0,M,2O,III,2.0,42.0
24.0,M,2O,III,2.0,42.0
24.0,M,2O,III,2.0,42.0
24.0,M,2O,III,2.0,42.0
24.0,M,2O,III,2.0,42.0
24.0,M,2O,III,2.0,42.0
24.0,M,2O,III,2.0,42.0
24.0,M,2O,III,2.0,42.0
24.0,M,2O,III,2.0,45.0
24.0,M,2O,III,2.0,45.0
24.0,M,2O,III,2.0,47.0
24.0,M,2O,III,2.0,47.0
24.0,M,2O,III,2.0,47.0
24.0,M,2O,III,2.0,47.0
24.0,M,2O,III,2.0,47.0
24.0,M,2O,III,2.0,47.0
24.0,M,2O,III,2.0,50.0
24.0,M,2O,III,2.0,50.0
24.0,M,2O,III,2.0,50.0
24.0,M,2O,III,2.0,50.0
24.0,M,2O,III,2.0,50.0
24.0,M,2O,III,2.0,50.0
24.0,M,2O,III,2.0,50.0
24.0,M,2O,III,2.0,52.0
24.0,M,2O,III,2.0,52.0
24.0,M,2O,III,2.0,52.0
24.0,M,2O,III,2.0,52.0
24.0,M,2O,III,2.0,54.0
24.0,M,2O,III,2.0,54.0
24.0,M,2O,III,2.0,54.0
24.0,M,2O,III,2.0,57.0
24.0,M,2O,III,2.0,57.0
24.0,M,2O,III,2.0,57.0
24.0,M,2O,III,2.0,57.0
24.0,M,2O,III,2.0,57.0
24.0,M,2O,III,2.0,57.0
24.0,M,2O,III,2.0,57.0
24.0,M,2O,III,2.0,57.0
24.0,M,2O,III,2.0,57.0
24.0,M,2O,III,2.0,57.0
24.0,M,2O,III,2.0,59.0
24.0,M,2O,III,2.0,64.0
24.0,M,2O,III,2.0,66.0
24.0,M,2O,III,2.0,73.0
24.0,M,2O,III,2.0,73.0
26.0,M,2O,III,3.0,22.0
26.0,M,2O,III,3.0,24.0
26.0,M,2O,III,3.0,24.0
26.0,M,2O,III,3.0,28.0
26.0,M,2O,III,3.0,31.0
26.0,M,2O,III,3.0,31.0
26.0,M,2O,III,3.0,31.0
26.0,M,2O,III,3.0,34.0
26.0,M,2O,III,3.0,34.0
26.0,M,2O,III,3.0,34.0
26.0,M,2O,III,3.0,36.0
26.0,M,2O,III,3.0,36.0
26.0,M,2O,III,3.0,39.0
26.0,M,2O,III,3.0,39.0
26.0,M,2O,III,3.0,42.0
26.0,M,2O,III,3.0,42.0
26.0,M,2O,III,3.0,42.0
26.0,M,2O,III,3.0,42.0
26.0,M,2O,III,3.0,42.0
26.0,M,2O,III,3.0,42.0
26.0,M,2O,III,3.0,45.0
26.0,M,2O,III,3.0,45.0
26.0,M,2O,III,3.0,45.0
26.0,M,2O,III,3.0,45.0
26.0,M,2O,III,3.0,45.0
26.0,M,2O,III,3.0,45.0
26.0,M,2O,III,3.0,47.0
26.0,M,2O,III,3.0,47.0
26.0,M,2O,III,3.0,50.0
26.0,M,2O,III,3.0,50.0
26.0,M,2O,III,3.0,50.0
26.0,M,2O,III,3.0,50.0
26.0,M,2O,III,3.0,50.0
26.0,M,2O,III,3.0,50.0
26.0,M,2O,III,3.0,50.0
26.0,M,2O,III,3.0,50.0
26.0,M,2O,III,3.0,50.0
26.0,M,2O,III,3.0,52.0
26.0,M,2O,III,3.0,52.0
26.0,M,2O,III,3.0,52.0
26.0,M,2O,III,3.0,52.0
26.0,M,2O,III,3.0,52.0
26.0,M,2O,III,3.0,52.0
26.0,M,2O,III,3.0,52.0
26.0,M,2O,III,3.0,54.0
26.0,M,2O,III,3.0,54.0
26.0,M,2O,III,3.0,54.0
26.0,M,2O,III,3.0,54.0
26.0,M,2O,III,3.0,57.0
26.0,M,2O,III,3.0,57.0
26.0,M,2O,III,3.0,57.0
26.0,M,2O,III,3.0,57.0
26.0,M,2O,III,3.0,57.0
26.0,M,2O,III,3.0,57.0
26.0,M,2O,III,3.0,57.0
26.0,M,2O,III,3.0,57.0
26.0,M,2O,III,3.0,57.0
26.0,M,2O,III,3.0,59.0
26.0,M,2O,III,3.0,61.0
26.0,M,2O,III,3.0,61.0
26.0,M,2O,III,3.0,61.0
26.0,M,2O,III,3.0,66.0
26.0,M,2O,III,3.0,66.0
26.0,M,2O,III,3.0,66.0
28.0,M,2O,III,4.0,15.0
28.0,M,2O,III,4.0,22.0
28.0,M,2O,III,4.0,26.0
28.0,M,2O,III,4.0,26.0
28.0,M,2O,III,4.0,28.0
28.0,M,2O,III,4.0,28.0
28.0,M,2O,III,4.0,34.0
28.0,M,2O,III,4.0,34.0
28.0,M,2O,III,4.0,39.0
28.0,M,2O,III,4.0,39.0
28.0,M,2O,III,4.0,39.0
28.0,M,2O,III,4.0,39.0
28.0,M,2O,III,4.0,42.0
28.0,M,2O,III,4.0,42.0
28.0,M,2O,III,4.0,42.0
28.0,M,2O,III,4.0,42.0
28.0,M,2O,III,4.0,45.0
28.0,M,2O,III,4.0,47.0
28.0,M,2O,III,4.0,47.0
28.0,M,2O,III,4.0,47.0
28.0,M,2O,III,4.0,47.0
28.0,M,2O,III,4.0,47.0
28.0,M,2O,III,4.0,47.0
28.0,M,2O,III,4.0,50.0
28.0,M,2O,III,4.0,52.0
28.0,M,2O,III,4.0,52.0
28.0,M,2O,III,4.0,52.0
28.0,M,2O,III,4.0,52.0
28.0,M,2O,III,4.0,52.0
28.0,M,2O,III,4.0,54.0
28.0,M,2O,III,4.0,54.0
28.0,M,2O,III,4.0,54.0
28.0,M,2O,III,4.0,54.0
28.0,M,2O,III,4.0,57.0
28.0,M,2O,III,4.0,57.0
28.0,M,2O,III,4.0,57.0
28.0,M,2O,III,4.0,57.0
28.0,M,2O,III,4.0,57.0
28.0,M,2O,III,4.0,59.0
28.0,M,2O,III,4.0,64.0
28.0,M,2O,III,4.0,64.0
28.0,M,2O,III,4.0,64.0
28.0,M,2O,III,4.0,64.0
28.0,M,2O,III,4.0,64.0
28.0,M,2O,III,4.0,64.0
28.0,M,2O,III,4.0,66.0
28.0,M,2O,III,4.0,71.0
28.0,M,2O,III,4.0,71.0
28.0,M,2O,III,4.0,73.0
28.0,M,2O,III,4.0,75.0
28.0,M,2O,III,4.0,78.0
28.0,M,2O,III,4.0,82.0
32.0,M,22,III,1.0,8.0
32.0,M,22,III,1.0,12.0
32.0,M,22,III,1.0,17.0
32.0,M,22,III,1.0,28.0
32.0,M,22,III,1.0,28.0
32.0,M,22,III,1.0,28.0
32.0,M,22,III,1.0,31.0
32.0,M,22,III,1.0,31.0
32.0,M,22,III,1.0,31.0
32.0,M,22,III,1.0,31.0
32.0,M,22,III,1.0,34.0
32.0,M,22,III,1.0,34.0
32.0,M,22,III,1.0,36.0
32.0,M,22,III,1.0,36.0
32.0,M,22,III,1.0,36.0
32.0,M,22,III,1.0,36.0
32.0,M,22,III,1.0,36.0
32.0,M,22,III,1.0,36.0
32.0,M,22,III,1.0,36.0
32.0,M,22,III,1.0,39.0
32.0,M,22,III,1.0,42.0
32.0,M,22,III,1.0,42.0
32.0,M,22,III,1.0,42.0
32.0,M,22,III,1.0,42.0
32.0,M,22,III,1.0,42.0
32.0,M,22,III,1.0,45.0
32.0,M,22,III,1.0,45.0
32.0,M,22,III,1.0,45.0
32.0,M,22,III,1.0,47.0
32.0,M,22,III,1.0,47.0
32.0,M,22,III,1.0,47.0
32.0,M,22,III,1.0,47.0
32.0,M,22,III,1.0,50.0
32.0,M,22,III,1.0,50.0
32.0,M,22,III,1.0,50.0
32.0,M,22,III,1.0,50.0
32.0,M,22,III,1.0,50.0
32.0,M,22,III,1.0,50.0
32.0,M,22,III,1.0,52.0
32.0,M,22,III,1.0,52.0
32.0,M,22,III,1.0,52.0
32.0,M,22,III,1.0,52.0
32.0,M,22,III,1.0,52.0
32.0,M,22,III,1.0,57.0
32.0,M,22,III,1.0,57.0
32.0,M,22,III,1.0,57.0
32.0,M,22,III,1.0,57.0
32.0,M,22,III,1.0,59.0
32.0,M,22,III,1.0,59.0
32.0,M,22,III,1.0,61.0
32.0,M,22,III,1.0,61.0
32.0,M,22,III,1.0,64.0
32.0,M,22,III,1.0,66.0
32.0,M,22,III,1.0,78.0
34.0,M,22,III,2.0,12.0
34.0,M,22,III,2.0,15.0
34.0,M,22,III,2.0,15.0
34.0,M,22,III,2.0,15.0
34.0,M,22,III,2.0,17.0
34.0,M,22,III,2.0,19.0
34.0,M,22,III,2.0,19.0
34.0,M,22,III,2.0,22.0
34.0,M,22,III,2.0,22.0
34.0,M,22,III,2.0,22.0
34.0,M,22,III,2.0,22.0
34.0,M,22,III,2.0,22.0
34.0,M,22,III,2.0,22.0
34.0,M,22,III,2.0,24.0
34.0,M,22,III,2.0,24.0
34.0,M,22,III,2.0,24.0
34.0,M,22,III,2.0,24.0
34.0,M,22,III,2.0,26.0
34.0,M,22,III,2.0,26.0
34.0,M,22,III,2.0,26.0
34.0,M,22,III,2.0,26.0
34.0,M,22,III,2.0,28.0
34.0,M,22,III,2.0,28.0
34.0,M,22,III,2.0,28.0
34.0,M,22,III,2.0,28.0
34.0,M,22,III,2.0,28.0
34.0,M,22,III,2.0,31.0
34.0,M,22,III,2.0,31.0
34.0,M,22,III,2.0,31.0
34.0,M,22,III,2.0,31.0
34.0,M,22,III,2.0,31.0
34.0,M,22,III,2.0,31.0
34.0,M,22,III,2.0,31.0
34.0,M,22,III,2.0,31.0
34.0,M,22,III,2.0,31.0
34.0,M,22,III,2.0,34.0
34.0,M,22,III,2.0,34.0
34.0,M,22,III,2.0,34.0
34.0,M,22,III,2.0,34.0
34.0,M,22,III,2.0,34.0
34.0,M,22,III,2.0,34.0
34.0,M,22,III,2.0,36.0
34.0,M,22,III,2.0,36.0
34.0,M,22,III,2.0,36.0
34.0,M,22,III,2.0,36.0
34.0,M,22,III,2.0,36.0
34.0,M,22,III,2.0,36.0
34.0,M,22,III,2.0,36.0
34.0,M,22,III,2.0,36.0
34.0,M,22,III,2.0,39.0
34.0,M,22,III,2.0,39.0
34.0,M,22,III,2.0,39.0
34.0,M,22,III,2.0,42.0
34.0,M,22,III,2.0,42.0
34.0,M,22,III,2.0,42.0
34.0,M,22,III,2.0,42.0
34.0,M,22,III,2.0,42.0
34.0,M,22,III,2.0,42.0
34.0,M,22,III,2.0,42.0
34.0,M,22,III,2.0,42.0
34.0,M,22,III,2.0,42.0
34.0,M,22,III,2.0,42.0
34.0,M,22,III,2.0,45.0
34.0,M,22,III,2.0,45.0
34.0,M,22,III,2.0,47.0
34.0,M,22,III,2.0,50.0
36.0,M,22,III,3.0,17.0
36.0,M,22,III,3.0,17.0
36.0,M,22,III,3.0,22.0
36.0,M,22,III,3.0,22.0
36.0,M,22,III,3.0,22.0
36.0,M,22,III,3.0,22.0
36.0,M,22,III,3.0,22.0
36.0,M,22,III,3.0,22.0
36.0,M,22,III,3.0,22.0
36.0,M,22,III,3.0,24.0
36.0,M,22,III,3.0,24.0
36.0,M,22,III,3.0,26.0
36.0,M,22,III,3.0,28.0
36.0,M,22,III,3.0,28.0
36.0,M,22,III,3.0,28.0
36.0,M,22,III,3.0,31.0
36.0,M,22,III,3.0,31.0
36.0,M,22,III,3.0,34.0
36.0,M,22,III,3.0,34.0
36.0,M,22,III,3.0,34.0
36.0,M,22,III,3.0,34.0
36.0,M,22,III,3.0,34.0
36.0,M,22,III,3.0,34.0
36.0,M,22,III,3.0,36.0
36.0,M,22,III,3.0,36.0
36.0,M,22,III,3.0,36.0
36.0,M,22,III,3.0,39.0
36.0,M,22,III,3.0,39.0
36.0,M,22,III,3.0,39.0
36.0,M,22,III,3.0,39.0
36.0,M,22,III,3.0,39.0
36.0,M,22,III,3.0,39.0
36.0,M,22,III,3.0,42.0
36.0,M,22,III,3.0,42.0
36.0,M,22,III,3.0,42.0
36.0,M,22,III,3.0,42.0
36.0,M,22,III,3.0,42.0
36.0,M,22,III,3.0,42.0
36.0,M,22,III,3.0,42.0
36.0,M,22,III,3.0,45.0
36.0,M,22,III,3.0,45.0
36.0,M,22,III,3.0,45.0
36.0,M,22,III,3.0,45.0
36.0,M,22,III,3.0,45.0
36.0,M,22,III,3.0,47.0
36.0,M,22,III,3.0,50.0
36.0,M,22,III,3.0,50.0
36.0,M,22,III,3.0,50.0
36.0,M,22,III,3.0,54.0
36.0,M,22,III,3.0,59.0
36.0,M,22,III,3.0,59.0
36.0,M,22,III,3.0,61.0
36.0,M,22,III,3.0,68.0
38.0,M,22,III,4.0,8.0
38.0,M,22,III,4.0,8.0
38.0,M,22,III,4.0,8.0
38.0,M,22,III,4.0,10.0
38.0,M,22,III,4.0,15.0
38.0,M,22,III,4.0,15.0
38.0,M,22,III,4.0,22.0
38.0,M,22,III,4.0,26.0
38.0,M,22,III,4.0,26.0
38.0,M,22,III,4.0,28.0
38.0,M,22,III,4.0,31.0
38.0,M,22,III,4.0,31.0
38.0,M,22,III,4.0,34.0
38.0,M,22,III,4.0,34.0
38.0,M,22,III,4.0,34.0
38.0,M,22,III,4.0,34.0
38.0,M,22,III,4.0,34.0
38.0,M,22,III,4.0,34.0
38.0,M,22,III,4.0,34.0
38.0,M,22,III,4.0,36.0
38.0,M,22,III,4.0,36.0
38.0,M,22,III,4.0,39.0
38.0,M,22,III,4.0,39.0
38.0,M,22,III,4.0,39.0
38.0,M,22,III,4.0,39.0
38.0,M,22,III,4.0,42.0
38.0,M,22,III,4.0,42.0
38.0,M,22,III,4.0,42.0
38.0,M,22,III,4.0,42.0
38.0,M,22,III,4.0,42.0
38.0,M,22,III,4.0,42.0
38.0,M,22,III,4.0,42.0
38.0,M,22,III,4.0,42.0
38.0,M,22,III,4.0,42.0
38.0,M,22,III,4.0,42.0
38.0,M,22,III,4.0,42.0
38.0,M,22,III,4.0,42.0
38.0,M,22,III,4.0,45.0
38.0,M,22,III,4.0,45.0
38.0,M,22,III,4.0,45.0
38.0,M,22,III,4.0,45.0
38.0,M,22,III,4.0,47.0
38.0,M,22,III,4.0,47.0
38.0,M,22,III,4.0,47.0
38.0,M,22,III,4.0,47.0
38.0,M,22,III,4.0,47.0
38.0,M,22,III,4.0,50.0
38.0,M,22,III,4.0,50.0
38.0,M,22,III,4.0,50.0
38.0,M,22,III,4.0,50.0
38.0,M,22,III,4.0,50.0
38.0,M,22,III,4.0,52.0
38.0,M,22,III,4.0,54.0
38.0,M,22,III,4.0,57.0
38.0,M,22,III,4.0,57.0
38.0,M,22,III,4.0,59.0
38.0,M,22,III,4.0,59.0
38.0,M,22,III,4.0,61.0
38.0,M,22,III,4.0,64.0
38.0,M,22,III,4.0,66.0
38.0,M,22,III,4.0,66.0
1.0,F,OO,I,1.0,17.0
1.0,F,OO,I,1.0,19.0
1.0,F,OO,I,1.0,22.0
1.0,F,OO,I,1.0,22.0
1.0,F,OO,I,1.0,22.0
1.0,F,OO,I,1.0,24.0
1.0,F,OO,I,1.0,24.0
1.0,F,OO,I,1.0,24.0
1.0,F,OO,I,1.0,24.0
1.0,F,OO,I,1.0,26.0
1.0,F,OO,I,1.0,28.0
1.0,F,OO,I,1.0,28.0
1.0,F,OO,I,1.0,28.0
1.0,F,OO,I,1.0,28.0
1.0,F,OO,I,1.0,28.0
1.0,F,OO,I,1.0,28.0
1.0,F,OO,I,1.0,28.0
1.0,F,OO,I,1.0,28.0
1.0,F,OO,I,1.0,28.0
1.0,F,OO,I,1.0,28.0
1.0,F,OO,I,1.0,31.0
1.0,F,OO,I,1.0,31.0
1.0,F,OO,I,1.0,31.0
1.0,F,OO,I,1.0,31.0
1.0,F,OO,I,1.0,34.0
1.0,F,OO,I,1.0,34.0
1.0,F,OO,I,1.0,34.0
1.0,F,OO,I,1.0,34.0
1.0,F,OO,I,1.0,34.0
1.0,F,OO,I,1.0,36.0
1.0,F,OO,I,1.0,39.0
1.0,F,OO,I,1.0,39.0
1.0,F,OO,I,1.0,42.0
1.0,F,OO,I,1.0,42.0
1.0,F,OO,I,1.0,42.0
1.0,F,OO,I,1.0,42.0
1.0,F,OO,I,1.0,45.0
1.0,F,OO,I,1.0,45.0
1.0,F,OO,I,1.0,47.0
1.0,F,OO,I,1.0,50.0
1.0,F,OO,I,1.0,50.0
1.0,F,OO,I,1.0,50.0
1.0,F,OO,I,1.0,50.0
1.0,F,OO,I,1.0,50.0
1.0,F,OO,I,1.0,52.0
1.0,F,OO,I,1.0,52.0
1.0,F,OO,I,1.0,57.0
1.0,F,OO,I,1.0,57.0
1.0,F,OO,I,1.0,57.0
1.0,F,OO,I,1.0,57.0
1.0,F,OO,I,1.0,59.0
1.0,F,OO,I,1.0,59.0
1.0,F,OO,I,1.0,59.0
1.0,F,OO,I,1.0,59.0
1.0,F,OO,I,1.0,61.0
1.0,F,OO,I,1.0,64.0
1.0,F,OO,I,1.0,66.0
1.0,F,OO,I,1.0,66.0
3.0,F,OO,I,2.0,15.0
3.0,F,OO,I,2.0,15.0
3.0,F,OO,I,2.0,15.0
3.0,F,OO,I,2.0,17.0
3.0,F,OO,I,2.0,17.0
3.0,F,OO,I,2.0,19.0
3.0,F,OO,I,2.0,19.0
3.0,F,OO,I,2.0,22.0
3.0,F,OO,I,2.0,22.0
3.0,F,OO,I,2.0,22.0
3.0,F,OO,I,2.0,22.0
3.0,F,OO,I,2.0,22.0
3.0,F,OO,I,2.0,22.0
3.0,F,OO,I,2.0,22.0
3.0,F,OO,I,2.0,24.0
3.0,F,OO,I,2.0,24.0
3.0,F,OO,I,2.0,24.0
3.0,F,OO,I,2.0,24.0
3.0,F,OO,I,2.0,24.0
3.0,F,OO,I,2.0,24.0
3.0,F,OO,I,2.0,24.0
3.0,F,OO,I,2.0,24.0
3.0,F,OO,I,2.0,24.0
3.0,F,OO,I,2.0,24.0
3.0,F,OO,I,2.0,26.0
3.0,F,OO,I,2.0,26.0
3.0,F,OO,I,2.0,26.0
3.0,F,OO,I,2.0,28.0
3.0,F,OO,I,2.0,28.0
3.0,F,OO,I,2.0,28.0
3.0,F,OO,I,2.0,31.0
3.0,F,OO,I,2.0,31.0
3.0,F,OO,I,2.0,31.0
3.0,F,OO,I,2.0,31.0
3.0,F,OO,I,2.0,31.0
3.0,F,OO,I,2.0,31.0
3.0,F,OO,I,2.0,31.0
3.0,F,OO,I,2.0,31.0
3.0,F,OO,I,2.0,34.0
3.0,F,OO,I,2.0,34.0
3.0,F,OO,I,2.0,34.0
3.0,F,OO,I,2.0,34.0
3.0,F,OO,I,2.0,36.0
3.0,F,OO,I,2.0,36.0
3.0,F,OO,I,2.0,42.0
3.0,F,OO,I,2.0,45.0
3.0,F,OO,I,2.0,47.0
3.0,F,OO,I,2.0,47.0
3.0,F,OO,I,2.0,47.0
3.0,F,OO,I,2.0,47.0
3.0,F,OO,I,2.0,47.0
3.0,F,OO,I,2.0,50.0
3.0,F,OO,I,2.0,52.0
3.0,F,OO,I,2.0,52.0
3.0,F,OO,I,2.0,54.0
3.0,F,OO,I,2.0,54.0
3.0,F,OO,I,2.0,57.0
3.0,F,OO,I,2.0,64.0
5.0,F,OO,I,3.0,10.0
5.0,F,OO,I,3.0,12.0
5.0,F,OO,I,3.0,15.0
5.0,F,OO,I,3.0,15.0
5.0,F,OO,I,3.0,17.0
5.0,F,OO,I,3.0,17.0
5.0,F,OO,I,3.0,17.0
5.0,F,OO,I,3.0,17.0
5.0,F,OO,I,3.0,19.0
5.0,F,OO,I,3.0,19.0
5.0,F,OO,I,3.0,19.0
5.0,F,OO,I,3.0,19.0
5.0,F,OO,I,3.0,19.0
5.0,F,OO,I,3.0,19.0
5.0,F,OO,I,3.0,22.0
5.0,F,OO,I,3.0,22.0
5.0,F,OO,I,3.0,22.0
5.0,F,OO,I,3.0,24.0
5.0,F,OO,I,3.0,24.0
5.0,F,OO,I,3.0,24.0
5.0,F,OO,I,3.0,24.0
5.0,F,OO,I,3.0,26.0
5.0,F,OO,I,3.0,26.0
5.0,F,OO,I,3.0,28.0
5.0,F,OO,I,3.0,28.0
5.0,F,OO,I,3.0,28.0
5.0,F,OO,I,3.0,28.0
5.0,F,OO,I,3.0,28.0
5.0,F,OO,I,3.0,28.0
5.0,F,OO,I,3.0,28.0
5.0,F,OO,I,3.0,31.0
5.0,F,OO,I,3.0,34.0
5.0,F,OO,I,3.0,36.0
5.0,F,OO,I,3.0,36.0
5.0,F,OO,I,3.0,36.0
5.0,F,OO,I,3.0,36.0
5.0,F,OO,I,3.0,36.0
5.0,F,OO,I,3.0,36.0
5.0,F,OO,I,3.0,36.0
5.0,F,OO,I,3.0,36.0
5.0,F,OO,I,3.0,39.0
5.0,F,OO,I,3.0,39.0
5.0,F,OO,I,3.0,42.0
5.0,F,OO,I,3.0,42.0
5.0,F,OO,I,3.0,42.0
5.0,F,OO,I,3.0,45.0
5.0,F,OO,I,3.0,45.0
5.0,F,OO,I,3.0,45.0
5.0,F,OO,I,3.0,45.0
5.0,F,OO,I,3.0,45.0
5.0,F,OO,I,3.0,47.0
5.0,F,OO,I,3.0,52.0
5.0,F,OO,I,3.0,52.0
5.0,F,OO,I,3.0,54.0
5.0,F,OO,I,3.0,57.0
5.0,F,OO,I,3.0,61.0
5.0,F,OO,I,3.0,61.0
5.0,F,OO,I,3.0,64.0
5.0,F,OO,I,3.0,68.0
7.0,F,OO,I,4.0,12.0
7.0,F,OO,I,4.0,15.0
7.0,F,OO,I,4.0,15.0
7.0,F,OO,I,4.0,17.0
7.0,F,OO,I,4.0,17.0
7.0,F,OO,I,4.0,19.0
7.0,F,OO,I,4.0,19.0
7.0,F,OO,I,4.0,19.0
7.0,F,OO,I,4.0,19.0
7.0,F,OO,I,4.0,22.0
7.0,F,OO,I,4.0,22.0
7.0,F,OO,I,4.0,24.0
7.0,F,OO,I,4.0,24.0
7.0,F,OO,I,4.0,24.0
7.0,F,OO,I,4.0,26.0
7.0,F,OO,I,4.0,26.0
7.0,F,OO,I,4.0,28.0
7.0,F,OO,I,4.0,28.0
7.0,F,OO,I,4.0,28.0
7.0,F,OO,I,4.0,28.0
7.0,F,OO,I,4.0,28.0
7.0,F,OO,I,4.0,28.0
7.0,F,OO,I,4.0,28.0
7.0,F,OO,I,4.0,28.0
7.0,F,OO,I,4.0,28.0
7.0,F,OO,I,4.0,28.0
7.0,F,OO,I,4.0,28.0
7.0,F,OO,I,4.0,28.0
7.0,F,OO,I,4.0,28.0
7.0,F,OO,I,4.0,31.0
7.0,F,OO,I,4.0,31.0
7.0,F,OO,I,4.0,31.0
7.0,F,OO,I,4.0,31.0
7.0,F,OO,I,4.0,31.0
7.0,F,OO,I,4.0,31.0
7.0,F,OO,I,4.0,31.0
7.0,F,OO,I,4.0,31.0
7.0,F,OO,I,4.0,31.0
7.0,F,OO,I,4.0,34.0
7.0,F,OO,I,4.0,34.0
7.0,F,OO,I,4.0,34.0
7.0,F,OO,I,4.0,34.0
7.0,F,OO,I,4.0,34.0
7.0,F,OO,I,4.0,34.0
7.0,F,OO,I,4.0,34.0
7.0,F,OO,I,4.0,36.0
7.0,F,OO,I,4.0,36.0
7.0,F,OO,I,4.0,36.0
7.0,F,OO,I,4.0,36.0
7.0,F,OO,I,4.0,36.0
7.0,F,OO,I,4.0,39.0
7.0,F,OO,I,4.0,39.0
7.0,F,OO,I,4.0,42.0
7.0,F,OO,I,4.0,42.0
7.0,F,OO,I,4.0,45.0
7.0,F,OO,I,4.0,47.0
7.0,F,OO,I,4.0,47.0
7.0,F,OO,I,4.0,50.0
11.0,F,O2,I,1.0,22.0
11.0,F,O2,I,1.0,22.0
11.0,F,O2,I,1.0,28.0
11.0,F,O2,I,1.0,28.0
11.0,F,O2,I,1.0,28.0
11.0,F,O2,I,1.0,28.0
11.0,F,O2,I,1.0,31.0
11.0,F,O2,I,1.0,36.0
11.0,F,O2,I,1.0,42.0
11.0,F,O2,I,1.0,42.0
11.0,F,O2,I,1.0,45.0
11.0,F,O2,I,1.0,45.0
11.0,F,O2,I,1.0,45.0
11.0,F,O2,I,1.0,45.0
11.0,F,O2,I,1.0,45.0
11.0,F,O2,I,1.0,45.0
11.0,F,O2,I,1.0,47.0
11.0,F,O2,I,1.0,47.0
11.0,F,O2,I,1.0,47.0
11.0,F,O2,I,1.0,47.0
11.0,F,O2,I,1.0,50.0
11.0,F,O2,I,1.0,50.0
11.0,F,O2,I,1.0,50.0
11.0,F,O2,I,1.0,50.0
11.0,F,O2,I,1.0,50.0
11.0,F,O2,I,1.0,50.0
11.0,F,O2,I,1.0,50.0
11.0,F,O2,I,1.0,50.0
11.0,F,O2,I,1.0,50.0
11.0,F,O2,I,1.0,52.0
11.0,F,O2,I,1.0,52.0
11.0,F,O2,I,1.0,52.0
11.0,F,O2,I,1.0,52.0
11.0,F,O2,I,1.0,52.0
11.0,F,O2,I,1.0,52.0
11.0,F,O2,I,1.0,52.0
11.0,F,O2,I,1.0,52.0
11.0,F,O2,I,1.0,54.0
11.0,F,O2,I,1.0,54.0
11.0,F,O2,I,1.0,54.0
11.0,F,O2,I,1.0,54.0
11.0,F,O2,I,1.0,54.0
11.0,F,O2,I,1.0,54.0
11.0,F,O2,I,1.0,57.0
11.0,F,O2,I,1.0,57.0
11.0,F,O2,I,1.0,57.0
11.0,F,O2,I,1.0,57.0
11.0,F,O2,I,1.0,57.0
11.0,F,O2,I,1.0,57.0
11.0,F,O2,I,1.0,59.0
11.0,F,O2,I,1.0,59.0
11.0,F,O2,I,1.0,59.0
11.0,F,O2,I,1.0,61.0
11.0,F,O2,I,1.0,61.0
11.0,F,O2,I,1.0,61.0
11.0,F,O2,I,1.0,66.0
13.0,F,O2,I,2.0,19.0
13.0,F,O2,I,2.0,22.0
13.0,F,O2,I,2.0,22.0
13.0,F,O2,I,2.0,22.0
13.0,F,O2,I,2.0,26.0
13.0,F,O2,I,2.0,26.0
13.0,F,O2,I,2.0,28.0
13.0,F,O2,I,2.0,28.0
13.0,F,O2,I,2.0,28.0
13.0,F,O2,I,2.0,28.0
13.0,F,O2,I,2.0,31.0
13.0,F,O2,I,2.0,31.0
13.0,F,O2,I,2.0,31.0
13.0,F,O2,I,2.0,31.0
13.0,F,O2,I,2.0,34.0
13.0,F,O2,I,2.0,34.0
13.0,F,O2,I,2.0,34.0
13.0,F,O2,I,2.0,34.0
13.0,F,O2,I,2.0,34.0
13.0,F,O2,I,2.0,34.0
13.0,F,O2,I,2.0,34.0
13.0,F,O2,I,2.0,34.0
13.0,F,O2,I,2.0,34.0
13.0,F,O2,I,2.0,34.0
13.0,F,O2,I,2.0,36.0
13.0,F,O2,I,2.0,36.0
13.0,F,O2,I,2.0,36.0
13.0,F,O2,I,2.0,36.0
13.0,F,O2,I,2.0,36.0
13.0,F,O2,I,2.0,36.0
13.0,F,O2,I,2.0,36.0
13.0,F,O2,I,2.0,36.0
13.0,F,O2,I,2.0,36.0
13.0,F,O2,I,2.0,36.0
13.0,F,O2,I,2.0,36.0
13.0,F,O2,I,2.0,36.0
13.0,F,O2,I,2.0,36.0
13.0,F,O2,I,2.0,36.0
13.0,F,O2,I,2.0,39.0
13.0,F,O2,I,2.0,39.0
13.0,F,O2,I,2.0,39.0
13.0,F,O2,I,2.0,39.0
13.0,F,O2,I,2.0,39.0
13.0,F,O2,I,2.0,39.0
13.0,F,O2,I,2.0,39.0
13.0,F,O2,I,2.0,42.0
13.0,F,O2,I,2.0,42.0
13.0,F,O2,I,2.0,42.0
13.0,F,O2,I,2.0,42.0
13.0,F,O2,I,2.0,42.0
13.0,F,O2,I,2.0,42.0
13.0,F,O2,I,2.0,42.0
13.0,F,O2,I,2.0,42.0
13.0,F,O2,I,2.0,42.0
13.0,F,O2,I,2.0,42.0
13.0,F,O2,I,2.0,45.0
13.0,F,O2,I,2.0,45.0
13.0,F,O2,I,2.0,47.0
13.0,F,O2,I,2.0,50.0
15.0,F,O2,I,3.0,15.0
15.0,F,O2,I,3.0,15.0
15.0,F,O2,I,3.0,15.0
15.0,F,O2,I,3.0,19.0
15.0,F,O2,I,3.0,22.0
15.0,F,O2,I,3.0,22.0
15.0,F,O2,I,3.0,22.0
15.0,F,O2,I,3.0,24.0
15.0,F,O2,I,3.0,24.0
15.0,F,O2,I,3.0,24.0
15.0,F,O2,I,3.0,24.0
15.0,F,O2,I,3.0,24.0
15.0,F,O2,I,3.0,24.0
15.0,F,O2,I,3.0,24.0
15.0,F,O2,I,3.0,24.0
15.0,F,O2,I,3.0,24.0
15.0,F,O2,I,3.0,24.0
15.0,F,O2,I,3.0,24.0
15.0,F,O2,I,3.0,24.0
15.0,F,O2,I,3.0,24.0
15.0,F,O2,I,3.0,24.0
15.0,F,O2,I,3.0,24.0
15.0,F,O2,I,3.0,24.0
15.0,F,O2,I,3.0,26.0
15.0,F,O2,I,3.0,26.0
15.0,F,O2,I,3.0,26.0
15.0,F,O2,I,3.0,26.0
15.0,F,O2,I,3.0,28.0
15.0,F,O2,I,3.0,28.0
15.0,F,O2,I,3.0,31.0
15.0,F,O2,I,3.0,31.0
15.0,F,O2,I,3.0,34.0
15.0,F,O2,I,3.0,34.0
15.0,F,O2,I,3.0,36.0
15.0,F,O2,I,3.0,36.0
15.0,F,O2,I,3.0,39.0
15.0,F,O2,I,3.0,39.0
15.0,F,O2,I,3.0,39.0
15.0,F,O2,I,3.0,39.0
15.0,F,O2,I,3.0,39.0
15.0,F,O2,I,3.0,39.0
15.0,F,O2,I,3.0,42.0
15.0,F,O2,I,3.0,42.0
15.0,F,O2,I,3.0,42.0
15.0,F,O2,I,3.0,42.0
15.0,F,O2,I,3.0,42.0
15.0,F,O2,I,3.0,45.0
15.0,F,O2,I,3.0,45.0
15.0,F,O2,I,3.0,45.0
15.0,F,O2,I,3.0,45.0
15.0,F,O2,I,3.0,45.0
15.0,F,O2,I,3.0,45.0
15.0,F,O2,I,3.0,45.0
15.0,F,O2,I,3.0,45.0
15.0,F,O2,I,3.0,45.0
15.0,F,O2,I,3.0,45.0
15.0,F,O2,I,3.0,47.0
15.0,F,O2,I,3.0,50.0
15.0,F,O2,I,3.0,50.0
17.0,F,O2,I,4.0,10.0
17.0,F,O2,I,4.0,17.0
17.0,F,O2,I,4.0,17.0
17.0,F,O2,I,4.0,26.0
17.0,F,O2,I,4.0,26.0
17.0,F,O2,I,4.0,28.0
17.0,F,O2,I,4.0,34.0
17.0,F,O2,I,4.0,34.0
17.0,F,O2,I,4.0,34.0
17.0,F,O2,I,4.0,34.0
17.0,F,O2,I,4.0,34.0
17.0,F,O2,I,4.0,34.0
17.0,F,O2,I,4.0,34.0
17.0,F,O2,I,4.0,36.0
17.0,F,O2,I,4.0,36.0
17.0,F,O2,I,4.0,36.0
17.0,F,O2,I,4.0,36.0
17.0,F,O2,I,4.0,36.0
17.0,F,O2,I,4.0,36.0
17.0,F,O2,I,4.0,36.0
17.0,F,O2,I,4.0,39.0
17.0,F,O2,I,4.0,42.0
17.0,F,O2,I,4.0,45.0
17.0,F,O2,I,4.0,45.0
17.0,F,O2,I,4.0,45.0
17.0,F,O2,I,4.0,45.0
17.0,F,O2,I,4.0,45.0
17.0,F,O2,I,4.0,45.0
17.0,F,O2,I,4.0,45.0
17.0,F,O2,I,4.0,45.0
17.0,F,O2,I,4.0,47.0
17.0,F,O2,I,4.0,47.0
17.0,F,O2,I,4.0,47.0
17.0,F,O2,I,4.0,50.0
17.0,F,O2,I,4.0,50.0
17.0,F,O2,I,4.0,50.0
17.0,F,O2,I,4.0,50.0
17.0,F,O2,I,4.0,50.0
17.0,F,O2,I,4.0,50.0
17.0,F,O2,I,4.0,50.0
17.0,F,O2,I,4.0,52.0
17.0,F,O2,I,4.0,52.0
17.0,F,O2,I,4.0,52.0
17.0,F,O2,I,4.0,52.0
17.0,F,O2,I,4.0,52.0
17.0,F,O2,I,4.0,52.0
17.0,F,O2,I,4.0,54.0
17.0,F,O2,I,4.0,54.0
17.0,F,O2,I,4.0,54.0
17.0,F,O2,I,4.0,57.0
17.0,F,O2,I,4.0,57.0
17.0,F,O2,I,4.0,57.0
17.0,F,O2,I,4.0,57.0
17.0,F,O2,I,4.0,57.0
17.0,F,O2,I,4.0,59.0
17.0,F,O2,I,4.0,61.0
17.0,F,O2,I,4.0,64.0
21.0,F,2O,I,1.0,10.0
21.0,F,2O,I,1.0,22.0
21.0,F,2O,I,1.0,22.0
21.0,F,2O,I,1.0,22.0
21.0,F,2O,I,1.0,22.0
21.0,F,2O,I,1.0,26.0
21.0,F,2O,I,1.0,26.0
21.0,F,2O,I,1.0,26.0
21.0,F,2O,I,1.0,26.0
21.0,F,2O,I,1.0,28.0
21.0,F,2O,I,1.0,28.0
21.0,F,2O,I,1.0,28.0
21.0,F,2O,I,1.0,31.0
21.0,F,2O,I,1.0,34.0
21.0,F,2O,I,1.0,34.0
21.0,F,2O,I,1.0,36.0
21.0,F,2O,I,1.0,39.0
21.0,F,2O,I,1.0,42.0
21.0,F,2O,I,1.0,42.0
21.0,F,2O,I,1.0,42.0
21.0,F,2O,I,1.0,42.0
21.0,F,2O,I,1.0,45.0
21.0,F,2O,I,1.0,45.0
21.0,F,2O,I,1.0,45.0
21.0,F,2O,I,1.0,45.0
21.0,F,2O,I,1.0,45.0
21.0,F,2O,I,1.0,45.0
21.0,F,2O,I,1.0,45.0
21.0,F,2O,I,1.0,45.0
21.0,F,2O,I,1.0,47.0
21.0,F,2O,I,1.0,47.0
21.0,F,2O,I,1.0,47.0
21.0,F,2O,I,1.0,47.0
21.0,F,2O,I,1.0,47.0
21.0,F,2O,I,1.0,47.0
21.0,F,2O,I,1.0,50.0
21.0,F,2O,I,1.0,50.0
21.0,F,2O,I,1.0,50.0
21.0,F,2O,I,1.0,50.0
21.0,F,2O,I,1.0,50.0
21.0,F,2O,I,1.0,50.0
21.0,F,2O,I,1.0,50.0
21.0,F,2O,I,1.0,52.0
21.0,F,2O,I,1.0,52.0
21.0,F,2O,I,1.0,52.0
21.0,F,2O,I,1.0,52.0
21.0,F,2O,I,1.0,52.0
21.0,F,2O,I,1.0,54.0
21.0,F,2O,I,1.0,54.0
21.0,F,2O,I,1.0,54.0
21.0,F,2O,I,1.0,54.0
21.0,F,2O,I,1.0,57.0
21.0,F,2O,I,1.0,57.0
21.0,F,2O,I,1.0,57.0
21.0,F,2O,I,1.0,57.0
21.0,F,2O,I,1.0,59.0
21.0,F,2O,I,1.0,61.0
21.0,F,2O,I,1.0,61.0
23.0,F,2O,I,2.0,15.0
23.0,F,2O,I,2.0,17.0
23.0,F,2O,I,2.0,22.0
23.0,F,2O,I,2.0,22.0
23.0,F,2O,I,2.0,22.0
23.0,F,2O,I,2.0,28.0
23.0,F,2O,I,2.0,28.0
23.0,F,2O,I,2.0,36.0
23.0,F,2O,I,2.0,36.0
23.0,F,2O,I,2.0,39.0
23.0,F,2O,I,2.0,42.0
23.0,F,2O,I,2.0,42.0
23.0,F,2O,I,2.0,42.0
23.0,F,2O,I,2.0,42.0
23.0,F,2O,I,2.0,42.0
23.0,F,2O,I,2.0,42.0
23.0,F,2O,I,2.0,42.0
23.0,F,2O,I,2.0,42.0
23.0,F,2O,I,2.0,42.0
23.0,F,2O,I,2.0,45.0
23.0,F,2O,I,2.0,45.0
23.0,F,2O,I,2.0,45.0
23.0,F,2O,I,2.0,45.0
23.0,F,2O,I,2.0,45.0
23.0,F,2O,I,2.0,45.0
23.0,F,2O,I,2.0,45.0
23.0,F,2O,I,2.0,45.0
23.0,F,2O,I,2.0,45.0
23.0,F,2O,I,2.0,47.0
23.0,F,2O,I,2.0,47.0
23.0,F,2O,I,2.0,47.0
23.0,F,2O,I,2.0,50.0
23.0,F,2O,I,2.0,50.0
23.0,F,2O,I,2.0,50.0
23.0,F,2O,I,2.0,50.0
23.0,F,2O,I,2.0,50.0
23.0,F,2O,I,2.0,50.0
23.0,F,2O,I,2.0,52.0
23.0,F,2O,I,2.0,52.0
23.0,F,2O,I,2.0,52.0
23.0,F,2O,I,2.0,52.0
23.0,F,2O,I,2.0,52.0
23.0,F,2O,I,2.0,52.0
23.0,F,2O,I,2.0,52.0
23.0,F,2O,I,2.0,52.0
23.0,F,2O,I,2.0,52.0
23.0,F,2O,I,2.0,52.0
23.0,F,2O,I,2.0,54.0
23.0,F,2O,I,2.0,54.0
23.0,F,2O,I,2.0,54.0
23.0,F,2O,I,2.0,54.0
23.0,F,2O,I,2.0,54.0
23.0,F,2O,I,2.0,54.0
23.0,F,2O,I,2.0,57.0
23.0,F,2O,I,2.0,57.0
23.0,F,2O,I,2.0,59.0
23.0,F,2O,I,2.0,59.0
23.0,F,2O,I,2.0,59.0
23.0,F,2O,I,2.0,61.0
25.0,F,2O,I,3.0,5.0
25.0,F,2O,I,3.0,26.0
25.0,F,2O,I,3.0,34.0
25.0,F,2O,I,3.0,36.0
25.0,F,2O,I,3.0,39.0
25.0,F,2O,I,3.0,39.0
25.0,F,2O,I,3.0,39.0
25.0,F,2O,I,3.0,39.0
25.0,F,2O,I,3.0,39.0
25.0,F,2O,I,3.0,39.0
25.0,F,2O,I,3.0,39.0
25.0,F,2O,I,3.0,39.0
25.0,F,2O,I,3.0,39.0
25.0,F,2O,I,3.0,42.0
25.0,F,2O,I,3.0,42.0
25.0,F,2O,I,3.0,42.0
25.0,F,2O,I,3.0,42.0
25.0,F,2O,I,3.0,42.0
25.0,F,2O,I,3.0,42.0
25.0,F,2O,I,3.0,42.0
25.0,F,2O,I,3.0,42.0
25.0,F,2O,I,3.0,42.0
25.0,F,2O,I,3.0,42.0
25.0,F,2O,I,3.0,42.0
25.0,F,2O,I,3.0,42.0
25.0,F,2O,I,3.0,42.0
25.0,F,2O,I,3.0,45.0
25.0,F,2O,I,3.0,45.0
25.0,F,2O,I,3.0,45.0
25.0,F,2O,I,3.0,45.0
25.0,F,2O,I,3.0,45.0
25.0,F,2O,I,3.0,45.0
25.0,F,2O,I,3.0,45.0
25.0,F,2O,I,3.0,45.0
25.0,F,2O,I,3.0,45.0
25.0,F,2O,I,3.0,45.0
25.0,F,2O,I,3.0,45.0
25.0,F,2O,I,3.0,45.0
25.0,F,2O,I,3.0,45.0
25.0,F,2O,I,3.0,45.0
25.0,F,2O,I,3.0,47.0
25.0,F,2O,I,3.0,47.0
25.0,F,2O,I,3.0,47.0
25.0,F,2O,I,3.0,47.0
25.0,F,2O,I,3.0,47.0
25.0,F,2O,I,3.0,47.0
25.0,F,2O,I,3.0,47.0
25.0,F,2O,I,3.0,47.0
25.0,F,2O,I,3.0,47.0
25.0,F,2O,I,3.0,50.0
25.0,F,2O,I,3.0,50.0
25.0,F,2O,I,3.0,50.0
25.0,F,2O,I,3.0,50.0
25.0,F,2O,I,3.0,50.0
25.0,F,2O,I,3.0,52.0
25.0,F,2O,I,3.0,52.0
25.0,F,2O,I,3.0,52.0
25.0,F,2O,I,3.0,52.0
25.0,F,2O,I,3.0,57.0
25.0,F,2O,I,3.0,57.0
27.0,F,2O,I,4.0,10.0
27.0,F,2O,I,4.0,22.0
27.0,F,2O,I,4.0,22.0
27.0,F,2O,I,4.0,22.0
27.0,F,2O,I,4.0,24.0
27.0,F,2O,I,4.0,28.0
27.0,F,2O,I,4.0,31.0
27.0,F,2O,I,4.0,31.0
27.0,F,2O,I,4.0,34.0
27.0,F,2O,I,4.0,36.0
27.0,F,2O,I,4.0,36.0
27.0,F,2O,I,4.0,36.0
27.0,F,2O,I,4.0,39.0
27.0,F,2O,I,4.0,42.0
27.0,F,2O,I,4.0,42.0
27.0,F,2O,I,4.0,42.0
27.0,F,2O,I,4.0,42.0
27.0,F,2O,I,4.0,42.0
27.0,F,2O,I,4.0,45.0
27.0,F,2O,I,4.0,45.0
27.0,F,2O,I,4.0,45.0
27.0,F,2O,I,4.0,45.0
27.0,F,2O,I,4.0,45.0
27.0,F,2O,I,4.0,45.0
27.0,F,2O,I,4.0,45.0
27.0,F,2O,I,4.0,45.0
27.0,F,2O,I,4.0,45.0
27.0,F,2O,I,4.0,45.0
27.0,F,2O,I,4.0,45.0
27.0,F,2O,I,4.0,45.0
27.0,F,2O,I,4.0,45.0
27.0,F,2O,I,4.0,45.0
27.0,F,2O,I,4.0,45.0
27.0,F,2O,I,4.0,47.0
27.0,F,2O,I,4.0,47.0
27.0,F,2O,I,4.0,47.0
27.0,F,2O,I,4.0,47.0
27.0,F,2O,I,4.0,47.0
27.0,F,2O,I,4.0,47.0
27.0,F,2O,I,4.0,47.0
27.0,F,2O,I,4.0,47.0
27.0,F,2O,I,4.0,47.0
27.0,F,2O,I,4.0,47.0
27.0,F,2O,I,4.0,47.0
27.0,F,2O,I,4.0,47.0
27.0,F,2O,I,4.0,47.0
27.0,F,2O,I,4.0,50.0
27.0,F,2O,I,4.0,50.0
27.0,F,2O,I,4.0,50.0
27.0,F,2O,I,4.0,50.0
27.0,F,2O,I,4.0,50.0
27.0,F,2O,I,4.0,50.0
27.0,F,2O,I,4.0,50.0
27.0,F,2O,I,4.0,50.0
27.0,F,2O,I,4.0,50.0
27.0,F,2O,I,4.0,52.0
27.0,F,2O,I,4.0,52.0
27.0,F,2O,I,4.0,52.0
27.0,F,2O,I,4.0,54.0
27.0,F,2O,I,4.0,54.0
27.0,F,2O,I,4.0,57.0
31.0,F,22,I,1.0,8.0
31.0,F,22,I,1.0,8.0
31.0,F,22,I,1.0,15.0
31.0,F,22,I,1.0,15.0
31.0,F,22,I,1.0,15.0
31.0,F,22,I,1.0,17.0
31.0,F,22,I,1.0,19.0
31.0,F,22,I,1.0,22.0
31.0,F,22,I,1.0,22.0
31.0,F,22,I,1.0,22.0
31.0,F,22,I,1.0,26.0
31.0,F,22,I,1.0,28.0
31.0,F,22,I,1.0,28.0
31.0,F,22,I,1.0,28.0
31.0,F,22,I,1.0,31.0
31.0,F,22,I,1.0,31.0
31.0,F,22,I,1.0,34.0
31.0,F,22,I,1.0,34.0
31.0,F,22,I,1.0,36.0
31.0,F,22,I,1.0,36.0
31.0,F,22,I,1.0,36.0
31.0,F,22,I,1.0,36.0
31.0,F,22,I,1.0,36.0
31.0,F,22,I,1.0,36.0
31.0,F,22,I,1.0,36.0
31.0,F,22,I,1.0,36.0
31.0,F,22,I,1.0,36.0
31.0,F,22,I,1.0,36.0
31.0,F,22,I,1.0,36.0
31.0,F,22,I,1.0,39.0
31.0,F,22,I,1.0,39.0
31.0,F,22,I,1.0,39.0
31.0,F,22,I,1.0,39.0
31.0,F,22,I,1.0,39.0
31.0,F,22,I,1.0,39.0
31.0,F,22,I,1.0,39.0
31.0,F,22,I,1.0,39.0
31.0,F,22,I,1.0,39.0
31.0,F,22,I,1.0,39.0
31.0,F,22,I,1.0,39.0
31.0,F,22,I,1.0,42.0
31.0,F,22,I,1.0,42.0
31.0,F,22,I,1.0,42.0
31.0,F,22,I,1.0,42.0
31.0,F,22,I,1.0,42.0
31.0,F,22,I,1.0,45.0
31.0,F,22,I,1.0,47.0
31.0,F,22,I,1.0,47.0
31.0,F,22,I,1.0,47.0
31.0,F,22,I,1.0,50.0
31.0,F,22,I,1.0,50.0
31.0,F,22,I,1.0,50.0
31.0,F,22,I,1.0,50.0
31.0,F,22,I,1.0,52.0
31.0,F,22,I,1.0,52.0
31.0,F,22,I,1.0,52.0
31.0,F,22,I,1.0,54.0
31.0,F,22,I,1.0,54.0
31.0,F,22,I,1.0,57.0
31.0,F,22,I,1.0,59.0
31.0,F,22,I,1.0,66.0
33.0,F,22,I,2.0,5.0
33.0,F,22,I,2.0,8.0
33.0,F,22,I,2.0,15.0
33.0,F,22,I,2.0,17.0
33.0,F,22,I,2.0,19.0
33.0,F,22,I,2.0,22.0
33.0,F,22,I,2.0,22.0
33.0,F,22,I,2.0,22.0
33.0,F,22,I,2.0,22.0
33.0,F,22,I,2.0,22.0
33.0,F,22,I,2.0,22.0
33.0,F,22,I,2.0,24.0
33.0,F,22,I,2.0,24.0
33.0,F,22,I,2.0,24.0
33.0,F,22,I,2.0,24.0
33.0,F,22,I,2.0,24.0
33.0,F,22,I,2.0,24.0
33.0,F,22,I,2.0,24.0
33.0,F,22,I,2.0,24.0
33.0,F,22,I,2.0,24.0
33.0,F,22,I,2.0,24.0
33.0,F,22,I,2.0,24.0
33.0,F,22,I,2.0,24.0
33.0,F,22,I,2.0,24.0
33.0,F,22,I,2.0,24.0
33.0,F,22,I,2.0,24.0
33.0,F,22,I,2.0,24.0
33.0,F,22,I,2.0,24.0
33.0,F,22,I,2.0,24.0
33.0,F,22,I,2.0,24.0
33.0,F,22,I,2.0,24.0
33.0,F,22,I,2.0,26.0
33.0,F,22,I,2.0,26.0
33.0,F,22,I,2.0,26.0
33.0,F,22,I,2.0,26.0
33.0,F,22,I,2.0,26.0
33.0,F,22,I,2.0,26.0
33.0,F,22,I,2.0,26.0
33.0,F,22,I,2.0,28.0
33.0,F,22,I,2.0,28.0
33.0,F,22,I,2.0,28.0
33.0,F,22,I,2.0,31.0
33.0,F,22,I,2.0,31.0
33.0,F,22,I,2.0,34.0
33.0,F,22,I,2.0,34.0
33.0,F,22,I,2.0,34.0
33.0,F,22,I,2.0,36.0
33.0,F,22,I,2.0,39.0
33.0,F,22,I,2.0,39.0
33.0,F,22,I,2.0,42.0
33.0,F,22,I,2.0,42.0
33.0,F,22,I,2.0,42.0
33.0,F,22,I,2.0,45.0
33.0,F,22,I,2.0,45.0
33.0,F,22,I,2.0,45.0
33.0,F,22,I,2.0,47.0
33.0,F,22,I,2.0,47.0
33.0,F,22,I,2.0,52.0
35.0,F,22,I,3.0,5.0
35.0,F,22,I,3.0,8.0
35.0,F,22,I,3.0,8.0
35.0,F,22,I,3.0,8.0
35.0,F,22,I,3.0,10.0
35.0,F,22,I,3.0,19.0
35.0,F,22,I,3.0,22.0
35.0,F,22,I,3.0,24.0
35.0,F,22,I,3.0,26.0
35.0,F,22,I,3.0,31.0
35.0,F,22,I,3.0,31.0
35.0,F,22,I,3.0,31.0
35.0,F,22,I,3.0,31.0
35.0,F,22,I,3.0,34.0
35.0,F,22,I,3.0,34.0
35.0,F,22,I,3.0,34.0
35.0,F,22,I,3.0,36.0
35.0,F,22,I,3.0,36.0
35.0,F,22,I,3.0,36.0
35.0,F,22,I,3.0,36.0
35.0,F,22,I,3.0,36.0
35.0,F,22,I,3.0,39.0
35.0,F,22,I,3.0,39.0
35.0,F,22,I,3.0,39.0
35.0,F,22,I,3.0,39.0
35.0,F,22,I,3.0,42.0
35.0,F,22,I,3.0,42.0
35.0,F,22,I,3.0,42.0
35.0,F,22,I,3.0,42.0
35.0,F,22,I,3.0,42.0
35.0,F,22,I,3.0,42.0
35.0,F,22,I,3.0,42.0
35.0,F,22,I,3.0,42.0
35.0,F,22,I,3.0,42.0
35.0,F,22,I,3.0,45.0
35.0,F,22,I,3.0,45.0
35.0,F,22,I,3.0,45.0
35.0,F,22,I,3.0,45.0
35.0,F,22,I,3.0,45.0
35.0,F,22,I,3.0,45.0
35.0,F,22,I,3.0,45.0
35.0,F,22,I,3.0,45.0
35.0,F,22,I,3.0,45.0
35.0,F,22,I,3.0,47.0
35.0,F,22,I,3.0,47.0
35.0,F,22,I,3.0,47.0
35.0,F,22,I,3.0,47.0
35.0,F,22,I,3.0,47.0
35.0,F,22,I,3.0,47.0
35.0,F,22,I,3.0,47.0
35.0,F,22,I,3.0,50.0
35.0,F,22,I,3.0,50.0
35.0,F,22,I,3.0,50.0
35.0,F,22,I,3.0,52.0
35.0,F,22,I,3.0,52.0
35.0,F,22,I,3.0,52.0
35.0,F,22,I,3.0,54.0
35.0,F,22,I,3.0,54.0
35.0,F,22,I,3.0,57.0
35.0,F,22,I,3.0,57.0
35.0,F,22,I,3.0,59.0
35.0,F,22,I,3.0,59.0
35.0,F,22,I,3.0,59.0
35.0,F,22,I,3.0,59.0
35.0,F,22,I,3.0,59.0
35.0,F,22,I,3.0,61.0
35.0,F,22,I,3.0,68.0
37.0,F,22,I,4.0,8.0
37.0,F,22,I,4.0,22.0
37.0,F,22,I,4.0,24.0
37.0,F,22,I,4.0,24.0
37.0,F,22,I,4.0,26.0
37.0,F,22,I,4.0,28.0
37.0,F,22,I,4.0,28.0
37.0,F,22,I,4.0,31.0
37.0,F,22,I,4.0,31.0
37.0,F,22,I,4.0,31.0
37.0,F,22,I,4.0,34.0
37.0,F,22,I,4.0,34.0
37.0,F,22,I,4.0,34.0
37.0,F,22,I,4.0,34.0
37.0,F,22,I,4.0,34.0
37.0,F,22,I,4.0,34.0
37.0,F,22,I,4.0,34.0
37.0,F,22,I,4.0,34.0
37.0,F,22,I,4.0,34.0
37.0,F,22,I,4.0,34.0
37.0,F,22,I,4.0,34.0
37.0,F,22,I,4.0,34.0
37.0,F,22,I,4.0,36.0
37.0,F,22,I,4.0,36.0
37.0,F,22,I,4.0,36.0
37.0,F,22,I,4.0,36.0
37.0,F,22,I,4.0,39.0
37.0,F,22,I,4.0,39.0
37.0,F,22,I,4.0,39.0
37.0,F,22,I,4.0,42.0
37.0,F,22,I,4.0,42.0
37.0,F,22,I,4.0,42.0
37.0,F,22,I,4.0,42.0
37.0,F,22,I,4.0,42.0
37.0,F,22,I,4.0,45.0
37.0,F,22,I,4.0,45.0
37.0,F,22,I,4.0,45.0
37.0,F,22,I,4.0,45.0
37.0,F,22,I,4.0,45.0
37.0,F,22,I,4.0,45.0
37.0,F,22,I,4.0,45.0
37.0,F,22,I,4.0,47.0
37.0,F,22,I,4.0,47.0
37.0,F,22,I,4.0,47.0
37.0,F,22,I,4.0,47.0
37.0,F,22,I,4.0,47.0
37.0,F,22,I,4.0,50.0
37.0,F,22,I,4.0,50.0
37.0,F,22,I,4.0,52.0
37.0,F,22,I,4.0,52.0
37.0,F,22,I,4.0,52.0
37.0,F,22,I,4.0,54.0
37.0,F,22,I,4.0,54.0
37.0,F,22,I,4.0,57.0
37.0,F,22,I,4.0,59.0
37.0,F,22,I,4.0,59.0
37.0,F,22,I,4.0,64.0
2.0,F,OO,III,1.0,10.0
2.0,F,OO,III,1.0,12.0
2.0,F,OO,III,1.0,15.0
2.0,F,OO,III,1.0,15.0
2.0,F,OO,III,1.0,15.0
2.0,F,OO,III,1.0,15.0
2.0,F,OO,III,1.0,15.0
2.0,F,OO,III,1.0,15.0
2.0,F,OO,III,1.0,15.0
2.0,F,OO,III,1.0,17.0
2.0,F,OO,III,1.0,17.0
2.0,F,OO,III,1.0,17.0
2.0,F,OO,III,1.0,17.0
2.0,F,OO,III,1.0,17.0
2.0,F,OO,III,1.0,17.0
2.0,F,OO,III,1.0,17.0
2.0,F,OO,III,1.0,17.0
2.0,F,OO,III,1.0,17.0
2.0,F,OO,III,1.0,19.0
2.0,F,OO,III,1.0,19.0
2.0,F,OO,III,1.0,19.0
2.0,F,OO,III,1.0,19.0
2.0,F,OO,III,1.0,19.0
2.0,F,OO,III,1.0,19.0
2.0,F,OO,III,1.0,19.0
2.0,F,OO,III,1.0,19.0
2.0,F,OO,III,1.0,19.0
2.0,F,OO,III,1.0,19.0
2.0,F,OO,III,1.0,22.0
2.0,F,OO,III,1.0,22.0
2.0,F,OO,III,1.0,22.0
2.0,F,OO,III,1.0,22.0
2.0,F,OO,III,1.0,22.0
2.0,F,OO,III,1.0,22.0
2.0,F,OO,III,1.0,22.0
2.0,F,OO,III,1.0,22.0
2.0,F,OO,III,1.0,22.0
2.0,F,OO,III,1.0,22.0
2.0,F,OO,III,1.0,22.0
2.0,F,OO,III,1.0,22.0
2.0,F,OO,III,1.0,22.0
2.0,F,OO,III,1.0,22.0
2.0,F,OO,III,1.0,22.0
2.0,F,OO,III,1.0,22.0
2.0,F,OO,III,1.0,22.0
2.0,F,OO,III,1.0,22.0
2.0,F,OO,III,1.0,22.0
2.0,F,OO,III,1.0,22.0
2.0,F,OO,III,1.0,22.0
2.0,F,OO,III,1.0,22.0
2.0,F,OO,III,1.0,24.0
2.0,F,OO,III,1.0,24.0
2.0,F,OO,III,1.0,24.0
2.0,F,OO,III,1.0,26.0
2.0,F,OO,III,1.0,26.0
2.0,F,OO,III,1.0,26.0
2.0,F,OO,III,1.0,26.0
2.0,F,OO,III,1.0,28.0
2.0,F,OO,III,1.0,28.0
2.0,F,OO,III,1.0,28.0
2.0,F,OO,III,1.0,31.0
4.0,F,OO,III,2.0,15.0
4.0,F,OO,III,2.0,15.0
4.0,F,OO,III,2.0,15.0
4.0,F,OO,III,2.0,15.0
4.0,F,OO,III,2.0,15.0
4.0,F,OO,III,2.0,15.0
4.0,F,OO,III,2.0,15.0
4.0,F,OO,III,2.0,15.0
4.0,F,OO,III,2.0,17.0
4.0,F,OO,III,2.0,17.0
4.0,F,OO,III,2.0,17.0
4.0,F,OO,III,2.0,17.0
4.0,F,OO,III,2.0,17.0
4.0,F,OO,III,2.0,17.0
4.0,F,OO,III,2.0,17.0
4.0,F,OO,III,2.0,17.0
4.0,F,OO,III,2.0,17.0
4.0,F,OO,III,2.0,17.0
4.0,F,OO,III,2.0,17.0
4.0,F,OO,III,2.0,17.0
4.0,F,OO,III,2.0,17.0
4.0,F,OO,III,2.0,17.0
4.0,F,OO,III,2.0,17.0
4.0,F,OO,III,2.0,17.0
4.0,F,OO,III,2.0,17.0
4.0,F,OO,III,2.0,19.0
4.0,F,OO,III,2.0,19.0
4.0,F,OO,III,2.0,19.0
4.0,F,OO,III,2.0,19.0
4.0,F,OO,III,2.0,19.0
4.0,F,OO,III,2.0,19.0
4.0,F,OO,III,2.0,19.0
4.0,F,OO,III,2.0,19.0
4.0,F,OO,III,2.0,19.0
4.0,F,OO,III,2.0,19.0
4.0,F,OO,III,2.0,19.0
4.0,F,OO,III,2.0,19.0
4.0,F,OO,III,2.0,19.0
4.0,F,OO,III,2.0,19.0
4.0,F,OO,III,2.0,19.0
4.0,F,OO,III,2.0,19.0
4.0,F,OO,III,2.0,19.0
4.0,F,OO,III,2.0,19.0
4.0,F,OO,III,2.0,19.0
4.0,F,OO,III,2.0,19.0
4.0,F,OO,III,2.0,22.0
4.0,F,OO,III,2.0,22.0
4.0,F,OO,III,2.0,22.0
4.0,F,OO,III,2.0,22.0
4.0,F,OO,III,2.0,22.0
4.0,F,OO,III,2.0,22.0
4.0,F,OO,III,2.0,22.0
4.0,F,OO,III,2.0,22.0
4.0,F,OO,III,2.0,22.0
4.0,F,OO,III,2.0,22.0
4.0,F,OO,III,2.0,24.0
4.0,F,OO,III,2.0,24.0
6.0,F,OO,III,3.0,12.0
6.0,F,OO,III,3.0,12.0
6.0,F,OO,III,3.0,15.0
6.0,F,OO,III,3.0,15.0
6.0,F,OO,III,3.0,15.0
6.0,F,OO,III,3.0,15.0
6.0,F,OO,III,3.0,15.0
6.0,F,OO,III,3.0,15.0
6.0,F,OO,III,3.0,17.0
6.0,F,OO,III,3.0,17.0
6.0,F,OO,III,3.0,17.0
6.0,F,OO,III,3.0,17.0
6.0,F,OO,III,3.0,17.0
6.0,F,OO,III,3.0,17.0
6.0,F,OO,III,3.0,17.0
6.0,F,OO,III,3.0,19.0
6.0,F,OO,III,3.0,19.0
6.0,F,OO,III,3.0,19.0
6.0,F,OO,III,3.0,19.0
6.0,F,OO,III,3.0,19.0
6.0,F,OO,III,3.0,19.0
6.0,F,OO,III,3.0,22.0
6.0,F,OO,III,3.0,22.0
6.0,F,OO,III,3.0,22.0
6.0,F,OO,III,3.0,22.0
6.0,F,OO,III,3.0,22.0
6.0,F,OO,III,3.0,22.0
6.0,F,OO,III,3.0,22.0
6.0,F,OO,III,3.0,22.0
6.0,F,OO,III,3.0,22.0
6.0,F,OO,III,3.0,22.0
6.0,F,OO,III,3.0,22.0
6.0,F,OO,III,3.0,22.0
6.0,F,OO,III,3.0,22.0
6.0,F,OO,III,3.0,22.0
6.0,F,OO,III,3.0,22.0
6.0,F,OO,III,3.0,22.0
6.0,F,OO,III,3.0,22.0
6.0,F,OO,III,3.0,22.0
6.0,F,OO,III,3.0,22.0
6.0,F,OO,III,3.0,22.0
6.0,F,OO,III,3.0,22.0
6.0,F,OO,III,3.0,22.0
6.0,F,OO,III,3.0,24.0
6.0,F,OO,III,3.0,24.0
6.0,F,OO,III,3.0,24.0
6.0,F,OO,III,3.0,24.0
6.0,F,OO,III,3.0,24.0
6.0,F,OO,III,3.0,24.0
6.0,F,OO,III,3.0,24.0
6.0,F,OO,III,3.0,24.0
6.0,F,OO,III,3.0,26.0
6.0,F,OO,III,3.0,26.0
6.0,F,OO,III,3.0,26.0
6.0,F,OO,III,3.0,28.0
6.0,F,OO,III,3.0,28.0
6.0,F,OO,III,3.0,28.0
6.0,F,OO,III,3.0,28.0
6.0,F,OO,III,3.0,42.0
8.0,F,OO,III,4.0,8.0
8.0,F,OO,III,4.0,10.0
8.0,F,OO,III,4.0,12.0
8.0,F,OO,III,4.0,12.0
8.0,F,OO,III,4.0,12.0
8.0,F,OO,III,4.0,12.0
8.0,F,OO,III,4.0,15.0
8.0,F,OO,III,4.0,15.0
8.0,F,OO,III,4.0,15.0
8.0,F,OO,III,4.0,15.0
8.0,F,OO,III,4.0,15.0
8.0,F,OO,III,4.0,15.0
8.0,F,OO,III,4.0,15.0
8.0,F,OO,III,4.0,15.0
8.0,F,OO,III,4.0,17.0
8.0,F,OO,III,4.0,17.0
8.0,F,OO,III,4.0,17.0
8.0,F,OO,III,4.0,17.0
8.0,F,OO,III,4.0,17.0
8.0,F,OO,III,4.0,17.0
8.0,F,OO,III,4.0,17.0
8.0,F,OO,III,4.0,17.0
8.0,F,OO,III,4.0,17.0
8.0,F,OO,III,4.0,17.0
8.0,F,OO,III,4.0,19.0
8.0,F,OO,III,4.0,19.0
8.0,F,OO,III,4.0,19.0
8.0,F,OO,III,4.0,19.0
8.0,F,OO,III,4.0,19.0
8.0,F,OO,III,4.0,19.0
8.0,F,OO,III,4.0,19.0
8.0,F,OO,III,4.0,19.0
8.0,F,OO,III,4.0,19.0
8.0,F,OO,III,4.0,19.0
8.0,F,OO,III,4.0,19.0
8.0,F,OO,III,4.0,19.0
8.0,F,OO,III,4.0,19.0
8.0,F,OO,III,4.0,19.0
8.0,F,OO,III,4.0,19.0
8.0,F,OO,III,4.0,19.0
8.0,F,OO,III,4.0,19.0
8.0,F,OO,III,4.0,19.0
8.0,F,OO,III,4.0,19.0
8.0,F,OO,III,4.0,22.0
8.0,F,OO,III,4.0,22.0
8.0,F,OO,III,4.0,22.0
8.0,F,OO,III,4.0,22.0
8.0,F,OO,III,4.0,22.0
8.0,F,OO,III,4.0,22.0
8.0,F,OO,III,4.0,24.0
8.0,F,OO,III,4.0,24.0
8.0,F,OO,III,4.0,24.0
8.0,F,OO,III,4.0,24.0
8.0,F,OO,III,4.0,24.0
8.0,F,OO,III,4.0,24.0
8.0,F,OO,III,4.0,24.0
8.0,F,OO,III,4.0,24.0
8.0,F,OO,III,4.0,26.0
8.0,F,OO,III,4.0,26.0
8.0,F,OO,III,4.0,28.0
8.0,F,OO,III,4.0,28.0
12.0,F,O2,III,1.0,5.0
12.0,F,O2,III,1.0,15.0
12.0,F,O2,III,1.0,19.0
12.0,F,O2,III,1.0,22.0
12.0,F,O2,III,1.0,26.0
12.0,F,O2,III,1.0,26.0
12.0,F,O2,III,1.0,26.0
12.0,F,O2,III,1.0,26.0
12.0,F,O2,III,1.0,26.0
12.0,F,O2,III,1.0,28.0
12.0,F,O2,III,1.0,31.0
12.0,F,O2,III,1.0,31.0
12.0,F,O2,III,1.0,34.0
12.0,F,O2,III,1.0,34.0
12.0,F,O2,III,1.0,34.0
12.0,F,O2,III,1.0,36.0
12.0,F,O2,III,1.0,36.0
12.0,F,O2,III,1.0,36.0
12.0,F,O2,III,1.0,36.0
12.0,F,O2,III,1.0,36.0
12.0,F,O2,III,1.0,36.0
12.0,F,O2,III,1.0,36.0
12.0,F,O2,III,1.0,39.0
12.0,F,O2,III,1.0,39.0
12.0,F,O2,III,1.0,39.0
12.0,F,O2,III,1.0,42.0
12.0,F,O2,III,1.0,42.0
12.0,F,O2,III,1.0,42.0
12.0,F,O2,III,1.0,42.0
12.0,F,O2,III,1.0,42.0
12.0,F,O2,III,1.0,42.0
12.0,F,O2,III,1.0,42.0
12.0,F,O2,III,1.0,42.0
12.0,F,O2,III,1.0,42.0
12.0,F,O2,III,1.0,42.0
12.0,F,O2,III,1.0,42.0
12.0,F,O2,III,1.0,42.0
12.0,F,O2,III,1.0,42.0
12.0,F,O2,III,1.0,45.0
12.0,F,O2,III,1.0,45.0
12.0,F,O2,III,1.0,45.0
12.0,F,O2,III,1.0,45.0
12.0,F,O2,III,1.0,45.0
12.0,F,O2,III,1.0,45.0
12.0,F,O2,III,1.0,45.0
12.0,F,O2,III,1.0,47.0
12.0,F,O2,III,1.0,47.0
12.0,F,O2,III,1.0,47.0
12.0,F,O2,III,1.0,47.0
12.0,F,O2,III,1.0,47.0
12.0,F,O2,III,1.0,47.0
12.0,F,O2,III,1.0,47.0
12.0,F,O2,III,1.0,50.0
12.0,F,O2,III,1.0,50.0
12.0,F,O2,III,1.0,50.0
12.0,F,O2,III,1.0,50.0
12.0,F,O2,III,1.0,50.0
12.0,F,O2,III,1.0,50.0
12.0,F,O2,III,1.0,50.0
12.0,F,O2,III,1.0,50.0
14.0,F,O2,III,2.0,24.0
14.0,F,O2,III,2.0,26.0
14.0,F,O2,III,2.0,26.0
14.0,F,O2,III,2.0,28.0
14.0,F,O2,III,2.0,28.0
14.0,F,O2,III,2.0,28.0
14.0,F,O2,III,2.0,28.0
14.0,F,O2,III,2.0,31.0
14.0,F,O2,III,2.0,31.0
14.0,F,O2,III,2.0,31.0
14.0,F,O2,III,2.0,31.0
14.0,F,O2,III,2.0,31.0
14.0,F,O2,III,2.0,31.0
14.0,F,O2,III,2.0,31.0
14.0,F,O2,III,2.0,31.0
14.0,F,O2,III,2.0,34.0
14.0,F,O2,III,2.0,34.0
14.0,F,O2,III,2.0,34.0
14.0,F,O2,III,2.0,34.0
14.0,F,O2,III,2.0,34.0
14.0,F,O2,III,2.0,34.0
14.0,F,O2,III,2.0,34.0
14.0,F,O2,III,2.0,34.0
14.0,F,O2,III,2.0,36.0
14.0,F,O2,III,2.0,36.0
14.0,F,O2,III,2.0,36.0
14.0,F,O2,III,2.0,36.0
14.0,F,O2,III,2.0,36.0
14.0,F,O2,III,2.0,36.0
14.0,F,O2,III,2.0,36.0
14.0,F,O2,III,2.0,36.0
14.0,F,O2,III,2.0,36.0
14.0,F,O2,III,2.0,39.0
14.0,F,O2,III,2.0,39.0
14.0,F,O2,III,2.0,39.0
14.0,F,O2,III,2.0,39.0
14.0,F,O2,III,2.0,39.0
14.0,F,O2,III,2.0,39.0
14.0,F,O2,III,2.0,39.0
14.0,F,O2,III,2.0,39.0
14.0,F,O2,III,2.0,42.0
14.0,F,O2,III,2.0,42.0
14.0,F,O2,III,2.0,42.0
14.0,F,O2,III,2.0,42.0
14.0,F,O2,III,2.0,42.0
14.0,F,O2,III,2.0,42.0
14.0,F,O2,III,2.0,42.0
14.0,F,O2,III,2.0,42.0
14.0,F,O2,III,2.0,42.0
14.0,F,O2,III,2.0,42.0
14.0,F,O2,III,2.0,42.0
14.0,F,O2,III,2.0,45.0
14.0,F,O2,III,2.0,45.0
14.0,F,O2,III,2.0,45.0
14.0,F,O2,III,2.0,45.0
14.0,F,O2,III,2.0,47.0
14.0,F,O2,III,2.0,47.0
14.0,F,O2,III,2.0,47.0
14.0,F,O2,III,2.0,47.0
14.0,F,O2,III,2.0,47.0
14.0,F,O2,III,2.0,47.0
14.0,F,O2,III,2.0,47.0
14.0,F,O2,III,2.0,50.0
14.0,F,O2,III,2.0,50.0
14.0,F,O2,III,2.0,50.0
14.0,F,O2,III,2.0,50.0
14.0,F,O2,III,2.0,52.0
14.0,F,O2,III,2.0,57.0
16.0,F,O2,III,3.0,26.0
16.0,F,O2,III,3.0,26.0
16.0,F,O2,III,3.0,26.0
16.0,F,O2,III,3.0,26.0
16.0,F,O2,III,3.0,26.0
16.0,F,O2,III,3.0,26.0
16.0,F,O2,III,3.0,28.0
16.0,F,O2,III,3.0,28.0
16.0,F,O2,III,3.0,28.0
16.0,F,O2,III,3.0,31.0
16.0,F,O2,III,3.0,31.0
16.0,F,O2,III,3.0,31.0
16.0,F,O2,III,3.0,31.0
16.0,F,O2,III,3.0,31.0
16.0,F,O2,III,3.0,31.0
16.0,F,O2,III,3.0,31.0
16.0,F,O2,III,3.0,31.0
16.0,F,O2,III,3.0,31.0
16.0,F,O2,III,3.0,31.0
16.0,F,O2,III,3.0,31.0
16.0,F,O2,III,3.0,31.0
16.0,F,O2,III,3.0,34.0
16.0,F,O2,III,3.0,34.0
16.0,F,O2,III,3.0,34.0
16.0,F,O2,III,3.0,34.0
16.0,F,O2,III,3.0,36.0
16.0,F,O2,III,3.0,36.0
16.0,F,O2,III,3.0,36.0
16.0,F,O2,III,3.0,36.0
16.0,F,O2,III,3.0,36.0
16.0,F,O2,III,3.0,36.0
16.0,F,O2,III,3.0,36.0
16.0,F,O2,III,3.0,36.0
16.0,F,O2,III,3.0,36.0
16.0,F,O2,III,3.0,36.0
16.0,F,O2,III,3.0,36.0
16.0,F,O2,III,3.0,36.0
16.0,F,O2,III,3.0,36.0
16.0,F,O2,III,3.0,36.0
16.0,F,O2,III,3.0,39.0
16.0,F,O2,III,3.0,39.0
16.0,F,O2,III,3.0,39.0
16.0,F,O2,III,3.0,39.0
16.0,F,O2,III,3.0,42.0
16.0,F,O2,III,3.0,42.0
16.0,F,O2,III,3.0,42.0
16.0,F,O2,III,3.0,42.0
16.0,F,O2,III,3.0,42.0
16.0,F,O2,III,3.0,42.0
16.0,F,O2,III,3.0,42.0
16.0,F,O2,III,3.0,42.0
16.0,F,O2,III,3.0,42.0
16.0,F,O2,III,3.0,42.0
16.0,F,O2,III,3.0,45.0
16.0,F,O2,III,3.0,45.0
16.0,F,O2,III,3.0,45.0
16.0,F,O2,III,3.0,45.0
16.0,F,O2,III,3.0,50.0
18.0,F,O2,III,4.0,15.0
18.0,F,O2,III,4.0,26.0
18.0,F,O2,III,4.0,26.0
18.0,F,O2,III,4.0,28.0
18.0,F,O2,III,4.0,28.0
18.0,F,O2,III,4.0,28.0
18.0,F,O2,III,4.0,31.0
18.0,F,O2,III,4.0,31.0
18.0,F,O2,III,4.0,34.0
18.0,F,O2,III,4.0,34.0
18.0,F,O2,III,4.0,34.0
18.0,F,O2,III,4.0,34.0
18.0,F,O2,III,4.0,34.0
18.0,F,O2,III,4.0,34.0
18.0,F,O2,III,4.0,34.0
18.0,F,O2,III,4.0,34.0
18.0,F,O2,III,4.0,36.0
18.0,F,O2,III,4.0,36.0
18.0,F,O2,III,4.0,36.0
18.0,F,O2,III,4.0,36.0
18.0,F,O2,III,4.0,36.0
18.0,F,O2,III,4.0,36.0
18.0,F,O2,III,4.0,36.0
18.0,F,O2,III,4.0,36.0
18.0,F,O2,III,4.0,36.0
18.0,F,O2,III,4.0,36.0
18.0,F,O2,III,4.0,39.0
18.0,F,O2,III,4.0,39.0
18.0,F,O2,III,4.0,39.0
18.0,F,O2,III,4.0,39.0
18.0,F,O2,III,4.0,39.0
18.0,F,O2,III,4.0,39.0
18.0,F,O2,III,4.0,39.0
18.0,F,O2,III,4.0,39.0
18.0,F,O2,III,4.0,42.0
18.0,F,O2,III,4.0,42.0
18.0,F,O2,III,4.0,42.0
18.0,F,O2,III,4.0,42.0
18.0,F,O2,III,4.0,42.0
18.0,F,O2,III,4.0,42.0
18.0,F,O2,III,4.0,42.0
18.0,F,O2,III,4.0,42.0
18.0,F,O2,III,4.0,42.0
18.0,F,O2,III,4.0,42.0
18.0,F,O2,III,4.0,42.0
18.0,F,O2,III,4.0,45.0
18.0,F,O2,III,4.0,45.0
18.0,F,O2,III,4.0,45.0
18.0,F,O2,III,4.0,47.0
18.0,F,O2,III,4.0,47.0
18.0,F,O2,III,4.0,47.0
18.0,F,O2,III,4.0,47.0
18.0,F,O2,III,4.0,47.0
18.0,F,O2,III,4.0,47.0
18.0,F,O2,III,4.0,47.0
18.0,F,O2,III,4.0,47.0
18.0,F,O2,III,4.0,47.0
18.0,F,O2,III,4.0,50.0
18.0,F,O2,III,4.0,50.0
18.0,F,O2,III,4.0,50.0
18.0,F,O2,III,4.0,50.0
18.0,F,O2,III,4.0,52.0
18.0,F,O2,III,4.0,54.0
18.0,F,O2,III,4.0,54.0
22.0,F,2O,III,1.0,8.0
22.0,F,2O,III,1.0,10.0
22.0,F,2O,III,1.0,26.0
22.0,F,2O,III,1.0,26.0
22.0,F,2O,III,1.0,26.0
22.0,F,2O,III,1.0,26.0
22.0,F,2O,III,1.0,28.0
22.0,F,2O,III,1.0,31.0
22.0,F,2O,III,1.0,31.0
22.0,F,2O,III,1.0,31.0
22.0,F,2O,III,1.0,31.0
22.0,F,2O,III,1.0,36.0
22.0,F,2O,III,1.0,36.0
22.0,F,2O,III,1.0,36.0
22.0,F,2O,III,1.0,36.0
22.0,F,2O,III,1.0,36.0
22.0,F,2O,III,1.0,36.0
22.0,F,2O,III,1.0,36.0
22.0,F,2O,III,1.0,36.0
22.0,F,2O,III,1.0,36.0
22.0,F,2O,III,1.0,36.0
22.0,F,2O,III,1.0,39.0
22.0,F,2O,III,1.0,39.0
22.0,F,2O,III,1.0,39.0
22.0,F,2O,III,1.0,39.0
22.0,F,2O,III,1.0,42.0
22.0,F,2O,III,1.0,42.0
22.0,F,2O,III,1.0,42.0
22.0,F,2O,III,1.0,42.0
22.0,F,2O,III,1.0,42.0
22.0,F,2O,III,1.0,42.0
22.0,F,2O,III,1.0,42.0
22.0,F,2O,III,1.0,42.0
22.0,F,2O,III,1.0,42.0
22.0,F,2O,III,1.0,42.0
22.0,F,2O,III,1.0,42.0
22.0,F,2O,III,1.0,42.0
22.0,F,2O,III,1.0,42.0
22.0,F,2O,III,1.0,42.0
22.0,F,2O,III,1.0,42.0
22.0,F,2O,III,1.0,42.0
22.0,F,2O,III,1.0,42.0
22.0,F,2O,III,1.0,45.0
22.0,F,2O,III,1.0,45.0
22.0,F,2O,III,1.0,45.0
22.0,F,2O,III,1.0,45.0
22.0,F,2O,III,1.0,45.0
22.0,F,2O,III,1.0,45.0
22.0,F,2O,III,1.0,45.0
22.0,F,2O,III,1.0,45.0
22.0,F,2O,III,1.0,45.0
22.0,F,2O,III,1.0,45.0
22.0,F,2O,III,1.0,45.0
22.0,F,2O,III,1.0,47.0
22.0,F,2O,III,1.0,47.0
22.0,F,2O,III,1.0,47.0
22.0,F,2O,III,1.0,50.0
22.0,F,2O,III,1.0,50.0
22.0,F,2O,III,1.0,50.0
22.0,F,2O,III,1.0,50.0
22.0,F,2O,III,1.0,50.0
22.0,F,2O,III,1.0,52.0
22.0,F,2O,III,1.0,52.0
24.0,F,2O,III,2.0,26.0
24.0,F,2O,III,2.0,26.0
24.0,F,2O,III,2.0,26.0
24.0,F,2O,III,2.0,28.0
24.0,F,2O,III,2.0,28.0
24.0,F,2O,III,2.0,28.0
24.0,F,2O,III,2.0,28.0
24.0,F,2O,III,2.0,31.0
24.0,F,2O,III,2.0,31.0
24.0,F,2O,III,2.0,31.0
24.0,F,2O,III,2.0,31.0
24.0,F,2O,III,2.0,31.0
24.0,F,2O,III,2.0,31.0
24.0,F,2O,III,2.0,31.0
24.0,F,2O,III,2.0,31.0
24.0,F,2O,III,2.0,31.0
24.0,F,2O,III,2.0,31.0
24.0,F,2O,III,2.0,31.0
24.0,F,2O,III,2.0,31.0
24.0,F,2O,III,2.0,31.0
24.0,F,2O,III,2.0,31.0
24.0,F,2O,III,2.0,31.0
24.0,F,2O,III,2.0,31.0
24.0,F,2O,III,2.0,31.0
24.0,F,2O,III,2.0,31.0
24.0,F,2O,III,2.0,31.0
24.0,F,2O,III,2.0,31.0
24.0,F,2O,III,2.0,34.0
24.0,F,2O,III,2.0,34.0
24.0,F,2O,III,2.0,34.0
24.0,F,2O,III,2.0,34.0
24.0,F,2O,III,2.0,34.0
24.0,F,2O,III,2.0,34.0
24.0,F,2O,III,2.0,34.0
24.0,F,2O,III,2.0,34.0
24.0,F,2O,III,2.0,34.0
24.0,F,2O,III,2.0,34.0
24.0,F,2O,III,2.0,34.0
24.0,F,2O,III,2.0,34.0
24.0,F,2O,III,2.0,34.0
24.0,F,2O,III,2.0,36.0
24.0,F,2O,III,2.0,36.0
24.0,F,2O,III,2.0,36.0
24.0,F,2O,III,2.0,36.0
24.0,F,2O,III,2.0,36.0
24.0,F,2O,III,2.0,36.0
24.0,F,2O,III,2.0,36.0
24.0,F,2O,III,2.0,36.0
24.0,F,2O,III,2.0,36.0
24.0,F,2O,III,2.0,36.0
24.0,F,2O,III,2.0,39.0
24.0,F,2O,III,2.0,39.0
24.0,F,2O,III,2.0,39.0
24.0,F,2O,III,2.0,39.0
24.0,F,2O,III,2.0,42.0
24.0,F,2O,III,2.0,42.0
24.0,F,2O,III,2.0,45.0
24.0,F,2O,III,2.0,45.0
24.0,F,2O,III,2.0,50.0
24.0,F,2O,III,2.0,50.0
24.0,F,2O,III,2.0,50.0
24.0,F,2O,III,2.0,50.0
26.0,F,2O,III,3.0,8.0
26.0,F,2O,III,3.0,15.0
26.0,F,2O,III,3.0,22.0
26.0,F,2O,III,3.0,24.0
26.0,F,2O,III,3.0,24.0
26.0,F,2O,III,3.0,26.0
26.0,F,2O,III,3.0,26.0
26.0,F,2O,III,3.0,28.0
26.0,F,2O,III,3.0,28.0
26.0,F,2O,III,3.0,31.0
26.0,F,2O,III,3.0,31.0
26.0,F,2O,III,3.0,34.0
26.0,F,2O,III,3.0,34.0
26.0,F,2O,III,3.0,34.0
26.0,F,2O,III,3.0,36.0
26.0,F,2O,III,3.0,39.0
26.0,F,2O,III,3.0,39.0
26.0,F,2O,III,3.0,39.0
26.0,F,2O,III,3.0,42.0
26.0,F,2O,III,3.0,42.0
26.0,F,2O,III,3.0,42.0
26.0,F,2O,III,3.0,42.0
26.0,F,2O,III,3.0,45.0
26.0,F,2O,III,3.0,45.0
26.0,F,2O,III,3.0,45.0
26.0,F,2O,III,3.0,45.0
26.0,F,2O,III,3.0,45.0
26.0,F,2O,III,3.0,45.0
26.0,F,2O,III,3.0,47.0
26.0,F,2O,III,3.0,47.0
26.0,F,2O,III,3.0,47.0
26.0,F,2O,III,3.0,47.0
26.0,F,2O,III,3.0,50.0
26.0,F,2O,III,3.0,50.0
26.0,F,2O,III,3.0,50.0
26.0,F,2O,III,3.0,50.0
26.0,F,2O,III,3.0,50.0
26.0,F,2O,III,3.0,50.0
26.0,F,2O,III,3.0,52.0
26.0,F,2O,III,3.0,52.0
26.0,F,2O,III,3.0,52.0
26.0,F,2O,III,3.0,52.0
26.0,F,2O,III,3.0,54.0
26.0,F,2O,III,3.0,54.0
26.0,F,2O,III,3.0,54.0
26.0,F,2O,III,3.0,54.0
26.0,F,2O,III,3.0,57.0
26.0,F,2O,III,3.0,57.0
26.0,F,2O,III,3.0,57.0
26.0,F,2O,III,3.0,57.0
26.0,F,2O,III,3.0,57.0
26.0,F,2O,III,3.0,59.0
28.0,F,2O,III,4.0,5.0
28.0,F,2O,III,4.0,15.0
28.0,F,2O,III,4.0,22.0
28.0,F,2O,III,4.0,28.0
28.0,F,2O,III,4.0,31.0
28.0,F,2O,III,4.0,34.0
28.0,F,2O,III,4.0,34.0
28.0,F,2O,III,4.0,34.0
28.0,F,2O,III,4.0,34.0
28.0,F,2O,III,4.0,36.0
28.0,F,2O,III,4.0,36.0
28.0,F,2O,III,4.0,36.0
28.0,F,2O,III,4.0,36.0
28.0,F,2O,III,4.0,36.0
28.0,F,2O,III,4.0,36.0
28.0,F,2O,III,4.0,36.0
28.0,F,2O,III,4.0,36.0
28.0,F,2O,III,4.0,39.0
28.0,F,2O,III,4.0,39.0
28.0,F,2O,III,4.0,39.0
28.0,F,2O,III,4.0,39.0
28.0,F,2O,III,4.0,39.0
28.0,F,2O,III,4.0,39.0
28.0,F,2O,III,4.0,39.0
28.0,F,2O,III,4.0,42.0
28.0,F,2O,III,4.0,42.0
28.0,F,2O,III,4.0,42.0
28.0,F,2O,III,4.0,42.0
28.0,F,2O,III,4.0,42.0
28.0,F,2O,III,4.0,42.0
28.0,F,2O,III,4.0,42.0
28.0,F,2O,III,4.0,42.0
28.0,F,2O,III,4.0,42.0
28.0,F,2O,III,4.0,42.0
28.0,F,2O,III,4.0,42.0
28.0,F,2O,III,4.0,42.0
28.0,F,2O,III,4.0,45.0
28.0,F,2O,III,4.0,45.0
28.0,F,2O,III,4.0,45.0
28.0,F,2O,III,4.0,45.0
28.0,F,2O,III,4.0,45.0
28.0,F,2O,III,4.0,47.0
28.0,F,2O,III,4.0,47.0
28.0,F,2O,III,4.0,47.0
28.0,F,2O,III,4.0,47.0
28.0,F,2O,III,4.0,47.0
28.0,F,2O,III,4.0,47.0
28.0,F,2O,III,4.0,47.0
28.0,F,2O,III,4.0,47.0
28.0,F,2O,III,4.0,47.0
28.0,F,2O,III,4.0,50.0
28.0,F,2O,III,4.0,52.0
28.0,F,2O,III,4.0,54.0
28.0,F,2O,III,4.0,54.0
32.0,F,22,III,1.0,5.0
32.0,F,22,III,1.0,8.0
32.0,F,22,III,1.0,12.0
32.0,F,22,III,1.0,17.0
32.0,F,22,III,1.0,19.0
32.0,F,22,III,1.0,24.0
32.0,F,22,III,1.0,24.0
32.0,F,22,III,1.0,26.0
32.0,F,22,III,1.0,26.0
32.0,F,22,III,1.0,26.0
32.0,F,22,III,1.0,28.0
32.0,F,22,III,1.0,28.0
32.0,F,22,III,1.0,31.0
32.0,F,22,III,1.0,31.0
32.0,F,22,III,1.0,31.0
32.0,F,22,III,1.0,31.0
32.0,F,22,III,1.0,31.0
32.0,F,22,III,1.0,31.0
32.0,F,22,III,1.0,31.0
32.0,F,22,III,1.0,31.0
32.0,F,22,III,1.0,31.0
32.0,F,22,III,1.0,34.0
32.0,F,22,III,1.0,34.0
32.0,F,22,III,1.0,34.0
32.0,F,22,III,1.0,34.0
32.0,F,22,III,1.0,34.0
32.0,F,22,III,1.0,34.0
32.0,F,22,III,1.0,36.0
32.0,F,22,III,1.0,36.0
32.0,F,22,III,1.0,36.0
32.0,F,22,III,1.0,36.0
32.0,F,22,III,1.0,36.0
32.0,F,22,III,1.0,36.0
32.0,F,22,III,1.0,36.0
32.0,F,22,III,1.0,39.0
32.0,F,22,III,1.0,39.0
32.0,F,22,III,1.0,39.0
32.0,F,22,III,1.0,39.0
32.0,F,22,III,1.0,39.0
32.0,F,22,III,1.0,39.0
32.0,F,22,III,1.0,39.0
32.0,F,22,III,1.0,42.0
32.0,F,22,III,1.0,42.0
32.0,F,22,III,1.0,42.0
32.0,F,22,III,1.0,42.0
32.0,F,22,III,1.0,42.0
32.0,F,22,III,1.0,42.0
32.0,F,22,III,1.0,42.0
32.0,F,22,III,1.0,42.0
32.0,F,22,III,1.0,42.0
32.0,F,22,III,1.0,42.0
32.0,F,22,III,1.0,42.0
32.0,F,22,III,1.0,45.0
32.0,F,22,III,1.0,45.0
32.0,F,22,III,1.0,45.0
32.0,F,22,III,1.0,45.0
32.0,F,22,III,1.0,45.0
32.0,F,22,III,1.0,45.0
32.0,F,22,III,1.0,50.0
32.0,F,22,III,1.0,52.0
32.0,F,22,III,1.0,54.0
32.0,F,22,III,1.0,61.0
32.0,F,22,III,1.0,64.0
34.0,F,22,III,2.0,8.0
34.0,F,22,III,2.0,15.0
34.0,F,22,III,2.0,15.0
34.0,F,22,III,2.0,15.0
34.0,F,22,III,2.0,17.0
34.0,F,22,III,2.0,17.0
34.0,F,22,III,2.0,17.0
34.0,F,22,III,2.0,17.0
34.0,F,22,III,2.0,19.0
34.0,F,22,III,2.0,19.0
34.0,F,22,III,2.0,19.0
34.0,F,22,III,2.0,19.0
34.0,F,22,III,2.0,22.0
34.0,F,22,III,2.0,22.0
34.0,F,22,III,2.0,24.0
34.0,F,22,III,2.0,24.0
34.0,F,22,III,2.0,26.0
34.0,F,22,III,2.0,26.0
34.0,F,22,III,2.0,26.0
34.0,F,22,III,2.0,26.0
34.0,F,22,III,2.0,28.0
34.0,F,22,III,2.0,28.0
34.0,F,22,III,2.0,28.0
34.0,F,22,III,2.0,28.0
34.0,F,22,III,2.0,28.0
34.0,F,22,III,2.0,28.0
34.0,F,22,III,2.0,31.0
34.0,F,22,III,2.0,31.0
34.0,F,22,III,2.0,31.0
34.0,F,22,III,2.0,31.0
34.0,F,22,III,2.0,34.0
34.0,F,22,III,2.0,34.0
34.0,F,22,III,2.0,34.0
34.0,F,22,III,2.0,34.0
34.0,F,22,III,2.0,34.0
34.0,F,22,III,2.0,34.0
34.0,F,22,III,2.0,34.0
34.0,F,22,III,2.0,36.0
34.0,F,22,III,2.0,36.0
34.0,F,22,III,2.0,36.0
34.0,F,22,III,2.0,36.0
34.0,F,22,III,2.0,39.0
34.0,F,22,III,2.0,39.0
34.0,F,22,III,2.0,39.0
34.0,F,22,III,2.0,42.0
34.0,F,22,III,2.0,42.0
34.0,F,22,III,2.0,42.0
34.0,F,22,III,2.0,45.0
34.0,F,22,III,2.0,45.0
34.0,F,22,III,2.0,47.0
34.0,F,22,III,2.0,47.0
34.0,F,22,III,2.0,50.0
34.0,F,22,III,2.0,50.0
34.0,F,22,III,2.0,50.0
34.0,F,22,III,2.0,50.0
34.0,F,22,III,2.0,52.0
36.0,F,22,III,3.0,5.0
36.0,F,22,III,3.0,5.0
36.0,F,22,III,3.0,8.0
36.0,F,22,III,3.0,10.0
36.0,F,22,III,3.0,15.0
36.0,F,22,III,3.0,17.0
36.0,F,22,III,3.0,19.0
36.0,F,22,III,3.0,22.0
36.0,F,22,III,3.0,22.0
36.0,F,22,III,3.0,24.0
36.0,F,22,III,3.0,24.0
36.0,F,22,III,3.0,24.0
36.0,F,22,III,3.0,26.0
36.0,F,22,III,3.0,26.0
36.0,F,22,III,3.0,26.0
36.0,F,22,III,3.0,26.0
36.0,F,22,III,3.0,26.0
36.0,F,22,III,3.0,26.0
36.0,F,22,III,3.0,28.0
36.0,F,22,III,3.0,28.0
36.0,F,22,III,3.0,28.0
36.0,F,22,III,3.0,28.0
36.0,F,22,III,3.0,28.0
36.0,F,22,III,3.0,28.0
36.0,F,22,III,3.0,28.0
36.0,F,22,III,3.0,28.0
36.0,F,22,III,3.0,31.0
36.0,F,22,III,3.0,31.0
36.0,F,22,III,3.0,31.0
36.0,F,22,III,3.0,31.0
36.0,F,22,III,3.0,34.0
36.0,F,22,III,3.0,34.0
36.0,F,22,III,3.0,34.0
36.0,F,22,III,3.0,34.0
36.0,F,22,III,3.0,34.0
36.0,F,22,III,3.0,36.0
36.0,F,22,III,3.0,36.0
36.0,F,22,III,3.0,36.0
36.0,F,22,III,3.0,36.0
36.0,F,22,III,3.0,36.0
36.0,F,22,III,3.0,36.0
36.0,F,22,III,3.0,36.0
36.0,F,22,III,3.0,36.0
36.0,F,22,III,3.0,36.0
36.0,F,22,III,3.0,36.0
36.0,F,22,III,3.0,36.0
36.0,F,22,III,3.0,36.0
36.0,F,22,III,3.0,36.0
36.0,F,22,III,3.0,39.0
36.0,F,22,III,3.0,39.0
36.0,F,22,III,3.0,39.0
36.0,F,22,III,3.0,39.0
36.0,F,22,III,3.0,39.0
36.0,F,22,III,3.0,42.0
36.0,F,22,III,3.0,42.0
36.0,F,22,III,3.0,42.0
36.0,F,22,III,3.0,42.0
36.0,F,22,III,3.0,42.0
36.0,F,22,III,3.0,42.0
36.0,F,22,III,3.0,45.0
36.0,F,22,III,3.0,47.0
36.0,F,22,III,3.0,52.0
38.0,F,22,III,4.0,8.0
38.0,F,22,III,4.0,17.0
38.0,F,22,III,4.0,19.0
38.0,F,22,III,4.0,22.0
38.0,F,22,III,4.0,24.0
38.0,F,22,III,4.0,24.0
38.0,F,22,III,4.0,24.0
38.0,F,22,III,4.0,28.0
38.0,F,22,III,4.0,28.0
38.0,F,22,III,4.0,31.0
38.0,F,22,III,4.0,31.0
38.0,F,22,III,4.0,31.0
38.0,F,22,III,4.0,31.0
38.0,F,22,III,4.0,31.0
38.0,F,22,III,4.0,31.0
38.0,F,22,III,4.0,31.0
38.0,F,22,III,4.0,34.0
38.0,F,22,III,4.0,34.0
38.0,F,22,III,4.0,34.0
38.0,F,22,III,4.0,34.0
38.0,F,22,III,4.0,34.0
38.0,F,22,III,4.0,36.0
38.0,F,22,III,4.0,36.0
38.0,F,22,III,4.0,36.0
38.0,F,22,III,4.0,36.0
38.0,F,22,III,4.0,36.0
38.0,F,22,III,4.0,39.0
38.0,F,22,III,4.0,39.0
38.0,F,22,III,4.0,39.0
38.0,F,22,III,4.0,39.0
38.0,F,22,III,4.0,39.0
38.0,F,22,III,4.0,39.0
38.0,F,22,III,4.0,42.0
38.0,F,22,III,4.0,42.0
38.0,F,22,III,4.0,42.0
38.0,F,22,III,4.0,42.0
38.0,F,22,III,4.0,42.0
38.0,F,22,III,4.0,42.0
38.0,F,22,III,4.0,42.0
38.0,F,22,III,4.0,42.0
38.0,F,22,III,4.0,42.0
38.0,F,22,III,4.0,45.0
38.0,F,22,III,4.0,45.0
38.0,F,22,III,4.0,45.0
38.0,F,22,III,4.0,47.0
38.0,F,22,III,4.0,47.0
38.0,F,22,III,4.0,47.0
38.0,F,22,III,4.0,47.0
38.0,F,22,III,4.0,50.0
38.0,F,22,III,4.0,50.0
38.0,F,22,III,4.0,50.0
38.0,F,22,III,4.0,50.0
38.0,F,22,III,4.0,50.0
38.0,F,22,III,4.0,50.0
38.0,F,22,III,4.0,52.0
38.0,F,22,III,4.0,54.0
38.0,F,22,III,4.0,54.0
38.0,F,22,III,4.0,57.0
